FY=1,FY=2,FY=3,FY=4,FY=5,Open,High,Low,Close,Volume,'Adj Close',Market
0,0,0,0,1,109.169998,110.089996,108.849998,109.900002,26409800,109.900002,1
0,0,0,0,1,110.370003,110.940002,109.029999,109.489998,36825800,109.489998,0
0,0,0,0,1,111.599998,112.199997,110.269997,110.519997,35765000,110.519997,0
0,0,0,0,1,110.779999,112.029999,110.07,111.459999,28459300,111.459999,1
0,0,0,0,1,111.43,112.470001,111.389999,111.57,27026600,111.57,1
0,0,0,0,1,111.129997,111.870003,110.949997,111.790001,11424400,111.790001,1
0,0,0,0,1,111.360001,111.510002,110.330002,111.230003,27387900,111.230003,0
0,0,0,0,1,111.949997,112.419998,111.400002,111.800003,25922600,111.800003,0
0,0,0,0,1,110.120003,111.989998,110.010002,111.730003,29119100,111.730003,1
0,0,0,0,1,109.720001,110.540001,109.660004,110.059998,27404300,110.059998,1
0,0,0,0,1,109.809998,110.349998,108.830002,109.949997,26964600,109.949997,1
0,0,0,0,1,106.699997,110.230003,106.599998,109.989998,58702500,109.989998,1
0,0,0,0,1,106.57,107.68,106.160004,107.110001,32216900,107.110001,1
0,0,0,0,1,107.709999,107.809998,104.080002,105.709999,50872500,105.709999,0
0,0,0,0,1,107.120003,108.870003,106.550003,108.43,34094100,108.43,1
0,0,0,0,1,111.089996,111.089996,105.830002,107.790001,57134500,107.790001,0
0,0,0,0,1,109.879997,111.32,108.050003,110.879997,59176400,110.879997,1
0,0,0,0,1,110.309998,111.720001,109.699997,111.059998,24054500,111.059998,1
0,0,0,0,1,110.080002,110.510002,109.459999,110.410004,32560000,110.410004,1
0,0,0,0,1,108.529999,110.25,108.110001,108.839996,30837000,108.839996,1
0,0,0,0,1,110.980003,111.459999,109.550003,109.830002,26932600,109.830002,0
0,0,0,0,1,111.400002,112.349998,111.230003,111.589996,28331700,111.019995,1
0,0,0,0,1,113.459999,113.769997,110.529999,111.489998,43825800,110.920507,0
0,0,0,0,1,113.650002,114.230003,113.199997,113.540001,26419400,112.960039,0
0,0,0,0,1,113.870003,115.209999,113.449997,113.720001,37861700,113.13912,0
0,0,0,0,1,115.389999,115.860001,114.099998,114.480003,34562000,113.89524,0
0,0,0,0,1,114.309998,115.699997,113.309998,115.589996,66134200,114.999563,1
0,0,0,0,1,117.949997,118.360001,117.309998,118.25,48129000,117.645979,1
0,0,0,0,1,117.099998,117.739998,117,117.650002,23538700,117.049045,1
0,0,0,0,1,116.809998,116.910004,116.279999,116.599998,23192700,116.004406,0
0,0,0,0,1,116.860001,117.379997,116.330002,117.059998,24125800,116.462055,1
0,0,0,0,1,117.25,117.760002,113.800003,117.120003,20034600,116.521754,0
0,0,0,0,1,118.18,118.209999,117.449997,117.470001,24553500,116.869965,0
0,0,0,0,1,117.330002,117.839996,116.779999,117.550003,23624900,116.949558,1
0,0,0,0,1,117.879997,118.169998,117.129997,117.629997,35652200,117.029143,0
0,0,0,0,1,116.790001,117.440002,115.720001,116.980003,35192400,116.38247,1
0,0,0,0,1,117.349998,117.980003,116.75,117.339996,37586800,116.740624,0
0,0,0,0,1,117.699997,118.690002,116.199997,116.300003,64041000,115.705943,0
0,0,0,0,1,115.019997,116.75,114.720001,116.050003,36236000,115.45722,1
0,0,0,0,1,114.309998,114.559998,113.510002,114.059998,24358400,113.477379,0
0,0,0,0,1,113.699997,114.339996,113.129997,113.889999,28779300,113.308249,1
0,0,0,0,1,113.400002,113.660004,112.690002,113.050003,21453100,112.472544,0
0,0,0,0,1,113.059998,114.309998,112.629997,113,29736800,112.422796,0
0,0,0,0,1,112.709999,113.050003,112.279999,112.519997,21701800,111.945245,0
0,0,0,0,1,112.459999,113.370003,111.800003,113.050003,36379100,112.472544,1
0,0,0,0,1,113.160004,113.800003,111.800003,112.18,35887000,111.606985,0
0,0,0,0,1,113.690002,114.639999,113.43,113.949997,29641100,113.36794,1
0,0,0,0,1,113,113.18,112.339996,113.089996,24607400,112.512333,1
0,0,0,0,1,111.639999,113.389999,111.550003,112.879997,29869400,112.303406,1
0,0,0,0,1,114.419998,114.790001,111.550003,112.709999,52481200,112.134277,0
0,0,0,0,1,114.349998,114.940002,114,114.620003,31074000,114.034524,1
0,0,0,0,1,113.849998,113.989998,112.440002,113.550003,36003200,112.96999,0
0,0,0,0,1,113.050003,114.120003,112.510002,113.57,34514300,112.989884,1
0,0,0,0,1,115.190002,116.18,113.25,113.580002,47023000,112.999835,0
0,0,0,0,1,115.120003,116.129997,114.040001,114.919998,79886900,114.332987,0
0,0,0,0,1,113.860001,115.730003,113.489998,115.57,89983600,114.979668,1
0,0,0,0,1,108.730003,113.029999,108.599998,111.769997,110888700,111.199076,1
0,0,0,0,1,107.510002,108.790001,107.239998,107.949997,62176200,107.398588,1
0,0,0,0,1,102.650002,105.720001,102.529999,105.440002,45292800,104.901415,1
0,0,0,0,1,104.639999,105.720001,103.129997,103.129997,46557000,102.603209,0
0,0,0,0,1,107.25,107.269997,105.239998,105.519997,53002000,104.981001,0
0,0,0,0,1,107.830002,108.760002,107.07,108.360001,42364300,107.806498,1
0,0,0,0,1,107.900002,108.300003,107.510002,107.699997,26880400,107.149865,0
0,0,0,0,1,107.699997,108,106.82,107.730003,26802500,107.179719,1
0,0,0,0,1,106.139999,106.800003,105.620003,106.730003,26701500,106.184827,1
0,0,0,0,1,105.660004,106.57,105.639999,106.099998,29662400,105.55804,1
0,0,0,0,1,105.800003,106.5,105.5,106,24863900,105.458552,1
0,0,0,0,1,106.620003,107.440002,106.290001,106.82,24970300,106.274363,1
0,0,0,0,1,107.410004,107.949997,106.309998,106.940002,27766300,106.393753,0
0,0,0,0,1,107.389999,107.879997,106.68,107.57,25086200,107.020532,1
0,0,0,0,1,108.57,108.75,107.68,108.029999,23675100,107.478182,0
0,0,0,0,1,108.589996,109.32,108.529999,108.849998,21257700,108.293993,1
0,0,0,0,1,108.860001,109.099998,107.849998,108.510002,25820200,107.955733,0
0,0,0,0,1,108.769997,109.690002,108.360001,109.360001,25368100,108.80139,1
0,0,0,0,1,109.230003,109.599998,109.019997,109.080002,21984700,108.522821,0
0,0,0,0,1,109.099998,109.370003,108.339996,109.220001,25356000,108.662106,1
0,0,0,0,1,109.629997,110.230003,109.209999,109.379997,33794400,108.821284,0
0,0,0,0,1,108.139999,109.540001,108.080002,109.480003,25868200,108.92078,1
0,0,0,0,1,107.779999,108.440002,107.779999,108.18,18660400,107.627417,1
0,0,0,0,1,108.519997,108.93,107.849998,107.93,27484500,107.378694,0
0,0,0,0,1,108.709999,108.900002,107.760002,108,24008500,107.448336,0
0,0,0,0,1,108.230003,108.940002,108.010002,108.809998,26315200,108.254196,1
0,0,0,0,1,107.519997,108.370003,107.160004,108.370003,28037200,107.816449,1
0,0,0,0,1,106.269997,107.650002,106.18,107.480003,40553400,106.930996,1
0,0,0,0,1,105.580002,106,105.279999,105.870003,27408700,105.329219,1
0,0,0,0,1,104.809998,105.839996,104.769997,105.790001,30202600,104.68254,1
0,0,0,0,1,106.050003,106.07,104,104.480003,33816600,103.386256,0
0,0,0,0,1,104.410004,106.150002,104.410004,106.050003,38167900,104.93982,1
0,0,0,0,1,104.190002,104.550003,103.68,104.209999,27733700,103.119078,1
0,0,0,0,1,102.830002,104.449997,102.82,104.339996,39869800,103.247715,1
0,0,0,0,1,104.269997,104.349998,102.75,102.949997,92344800,101.872267,0
0,0,0,0,1,96.82,97.970001,96.419998,96.669998,56239800,95.65801,0
0,0,0,0,1,98.25,98.839996,96.919998,97.339996,40382900,96.320994,0
0,0,0,0,1,99.260002,99.300003,98.309998,98.660004,28313700,97.627183,0
0,0,0,0,1,99.830002,101,99.129997,99.43,32702000,98.389119,0
0,0,0,0,1,100,100.459999,99.739998,99.959999,26276000,98.91357,0
0,0,0,0,1,99.559998,100,99.339996,99.870003,23779900,98.824515,1
0,0,0,0,1,98.699997,100.129997,98.599998,99.830002,36493900,98.784933,1
0,0,0,0,1,98.919998,99.300003,98.5,98.779999,30137000,97.745922,0
0,0,0,0,1,97.389999,98.989998,97.32,98.790001,38919000,97.755819,1
0,0,0,0,1,97.410004,97.669998,96.839996,96.870003,25892200,95.855921,0
0,0,0,0,1,97.169998,97.699997,97.120003,97.419998,24167500,96.400159,1
0,0,0,0,1,96.75,97.650002,96.730003,96.980003,23794900,95.96477,1
0,0,0,0,1,96.489998,96.889999,96.050003,96.68,28912100,95.667907,1
0,0,0,0,1,95.699997,96.5,95.620003,95.940002,25139600,94.935656,1
0,0,0,0,1,94.599998,95.660004,94.370003,95.529999,30949100,94.529945,1
0,0,0,0,1,95.389999,95.400002,94.459999,94.989998,27705200,93.995597,0
0,0,0,0,1,95.489998,96.470001,95.330002,95.889999,26026500,94.886177,1
0,0,0,0,1,94.440002,95.769997,94.300003,95.599998,35836400,94.599212,1
0,0,0,0,1,93.970001,94.550003,93.629997,94.400002,36531000,93.411777,1
0,0,0,0,1,92.900002,93.660004,92.139999,93.589996,40444900,92.610251,1
0,0,0,0,1,93,93.050003,91.5,92.040001,45489600,91.076482,0
0,0,0,0,1,92.910004,94.660004,92.650002,93.400002,75311400,92.422245,1
0,0,0,0,1,95.940002,96.290001,95.25,96.099998,32240200,95.093977,1
0,0,0,0,1,96.25,96.889999,95.349998,95.550003,29219100,94.549739,0
0,0,0,0,1,94.940002,96.349998,94.68,95.910004,35546400,94.905971,1
0,0,0,0,1,96,96.57,95.029999,95.099998,34411900,94.104446,0
0,0,0,0,1,96.620003,96.650002,95.300003,95.330002,61008200,94.332041,0
0,0,0,0,1,96.449997,97.75,96.07,97.550003,31326800,96.528803,1
0,0,0,0,1,97.82,98.410004,97.029999,97.139999,29445200,96.123091,0
0,0,0,0,1,97.32,98.480003,96.75,97.459999,31931900,96.439741,1
0,0,0,0,1,98.690002,99.120003,97.099998,97.339996,38020500,96.320994,0
0,0,0,0,1,98.529999,99.349998,98.480003,98.830002,31712900,97.795402,1
0,0,0,0,1,98.5,99.989998,98.459999,99.650002,26601400,98.606817,1
0,0,0,0,1,99.019997,99.559998,98.68,98.940002,20848100,97.904251,0
0,0,0,0,1,99.25,99.870003,98.959999,99.029999,22409500,97.993305,0
0,0,0,0,1,97.989998,101.889999,97.550003,98.629997,23292500,97.597491,1
0,0,0,0,1,97.790001,98.269997,97.449997,97.919998,28062900,96.894924,1
0,0,0,0,1,97.599998,97.839996,96.629997,97.720001,40191600,96.697021,1
0,0,0,0,1,99.019997,99.540001,98.330002,98.459999,29173300,97.429272,0
0,0,0,0,1,99.599998,100.400002,98.82,99.860001,42307200,98.814618,1
0,0,0,0,1,99.440002,100.470001,99.25,100.349998,36229500,99.299486,1
0,0,0,0,1,99.68,100.730003,98.639999,100.410004,56331200,99.358863,1
0,0,0,0,1,98.669998,99.739998,98.110001,99.620003,38168800,98.577132,1
0,0,0,0,1,97.220001,98.089996,96.839996,97.900002,35140200,96.875137,1
0,0,0,0,1,95.870003,97.190002,95.669998,96.43,38018600,95.420524,1
0,0,0,0,1,94.639999,95.43,94.519997,95.220001,32026000,94.223192,1
0,0,0,0,1,94.639999,94.639999,93.57,94.199997,30442100,93.213866,0
0,0,0,0,1,94.160004,95.209999,93.889999,94.559998,42062400,93.570098,1
0,0,0,0,1,94.550003,94.699997,93.010002,93.489998,46916900,92.511299,0
0,0,0,0,1,92.389999,94.389999,91.650002,93.879997,61259800,92.897216,1
0,0,0,0,1,90,91.669998,90,90.519997,44392800,89.57239,1
0,0,0,0,1,92.720001,92.779999,89.470001,90.339996,76314700,89.394274,0
0,0,0,0,1,93.480003,93.57,92.459999,92.510002,28719100,91.541563,0
0,0,0,0,1,93.330002,93.57,92.110001,93.419998,33686800,92.442033,1
0,0,0,0,1,93,93.769997,92.589996,92.790001,32936400,91.81863,0
0,0,0,0,1,93.370003,93.449997,91.849998,92.720001,43458200,91.749363,0
0,0,0,0,1,94,94.07,92.68,93.239998,35890500,92.263917,0
0,0,0,0,1,95.199997,95.900002,93.82,94.190002,41025500,92.639944,0
0,0,0,0,1,94.199997,95.739998,93.68,95.18,56831300,93.613649,1
0,0,0,0,1,93.970001,94.080002,92.400002,93.639999,48160100,92.098992,0
0,0,0,0,1,93.989998,94.720001,92.510002,93.739998,68531500,92.197345,0
0,0,0,0,1,97.610001,97.879997,94.25,94.830002,82242700,93.269411,0
0,0,0,0,1,96,98.709999,95.68,97.82,114602100,96.210203,1
0,0,0,0,1,103.910004,105.300003,103.910004,104.349998,56016200,102.632739,1
0,0,0,0,1,105,105.650002,104.510002,105.080002,28031600,103.350729,1
0,0,0,0,1,105.010002,106.480003,104.620003,105.68,33683100,103.940854,1
0,0,0,0,1,106.93,106.93,105.519997,105.970001,31552500,104.226082,0
0,0,0,0,1,106.639999,108.089996,106.059998,107.129997,30611000,105.366989,1
0,0,0,0,1,107.879997,108,106.230003,106.910004,32384900,105.150615,0
0,0,0,0,1,108.889999,108.949997,106.940002,107.480003,60834000,105.711235,0
0,0,0,0,1,112.110001,112.300003,109.730003,109.849998,46939000,108.042227,0
0,0,0,0,1,111.620003,112.389999,111.330002,112.099998,25473900,110.2552,1
0,0,0,0,1,110.800003,112.339996,110.800003,112.040001,33257300,110.19619,1
0,0,0,0,1,109.339996,110.5,108.660004,110.440002,27232300,108.622522,1
0,0,0,0,1,108.970001,110.610001,108.830002,109.019997,29407500,107.225885,1
0,0,0,0,1,108.910004,109.769997,108.169998,108.660004,23581700,106.871816,0
0,0,0,0,1,109.949997,110.419998,108.120003,108.540001,31801900,106.753788,0
0,0,0,0,1,110.230003,110.980003,109.199997,110.959999,26404100,109.133961,1
0,0,0,0,1,109.510002,110.730003,109.419998,109.809998,26578700,108.002885,1
0,0,0,0,1,110.419998,112.190002,110.269997,111.120003,37356200,109.291332,1
0,0,0,0,1,108.779999,110,108.199997,109.989998,25874000,108.179923,1
0,0,0,0,1,109.720001,109.900002,108.879997,108.989998,25888400,107.19638,0
0,0,0,0,1,108.650002,110.419998,108.599998,109.559998,45601100,107.756999,1
0,0,0,0,1,104.889999,107.790001,104.879997,107.68,31190100,105.90794,1
0,0,0,0,1,106,106.190002,105.059998,105.190002,19411400,103.45892,0
0,0,0,0,1,105.470001,106.25,104.889999,105.669998,26133000,103.931016,1
0,0,0,0,1,106.480003,107.07,105.900002,106.129997,25703500,104.383445,0
0,0,0,0,1,105.25,107.290001,105.209999,106.720001,32444400,104.96374,1
0,0,0,0,1,105.93,107.650002,105.139999,105.910004,35502700,104.167072,0
0,0,0,0,1,106.339996,106.5,105.190002,105.919998,44205200,104.176902,0
0,0,0,0,1,105.519997,106.470001,104.959999,105.800003,34420700,104.058882,1
0,0,0,0,1,104.610001,106.309998,104.589996,105.970001,38303500,104.226082,1
0,0,0,0,1,103.959999,105.18,103.849998,104.580002,40067700,102.858958,1
0,0,0,0,1,101.910004,102.910004,101.779999,102.519997,25076100,100.832853,1
0,0,0,0,1,102.239998,102.279999,101.5,102.260002,27408200,100.577138,1
0,0,0,0,1,101.410004,102.239998,100.150002,101.169998,33513600,99.505072,0
0,0,0,0,1,101.309998,101.580002,100.269997,101.120003,27201700,99.455899,0
0,0,0,0,1,100.779999,101.760002,100.400002,101.029999,31561900,99.367376,1
0,0,0,0,1,102.389999,102.830002,100.959999,101.870003,35828900,100.193556,0
0,0,0,0,1,102.370003,103.75,101.370003,103.010002,46055100,101.314795,1
0,0,0,0,1,100.580002,101.709999,100.449997,101.5,36955700,99.829643,1
0,0,0,0,1,100.510002,100.889999,99.639999,100.75,33169600,99.091985,1
0,0,0,0,1,97.650002,100.769997,97.419998,100.529999,50407100,98.875604,1
0,0,0,0,1,96.860001,98.230003,96.650002,96.690002,35216300,95.098802,0
0,0,0,0,1,97.199997,98.019997,96.580002,96.910004,28991100,95.315183,0
0,0,0,0,1,96.050003,96.760002,95.25,96.760002,27582700,95.16765,1
0,0,0,0,1,93.980003,96.379997,93.32,96.099998,36255700,94.518507,1
0,0,0,0,1,96.400002,96.5,94.550003,94.690002,31942600,93.131715,0
0,0,0,0,1,96.309998,96.900002,95.919998,96.879997,34280800,95.28567,1
0,0,0,0,1,96,96.760002,95.800003,96.040001,35374200,94.459497,1
0,0,0,0,1,98.839996,98.889999,96.089996,96.260002,39021000,94.675878,0
0,0,0,0,1,96.669998,98.209999,96.150002,98.120003,44863200,96.505269,1
0,0,0,0,1,95.019997,96.849998,94.610001,96.639999,49057900,95.049622,1
0,0,0,0,1,94.190002,94.5,93.010002,93.989998,40351400,92.44323,0
0,0,0,0,1,93.790001,94.720001,92.589996,93.699997,50074700,92.158002,0
0,0,0,0,1,95.919998,96.349998,94.099998,94.269997,42343600,92.718621,0
0,0,0,0,1,94.290001,95.940002,93.93,94.989998,44331200,93.426774,1
0,0,0,0,1,93.129997,95.699997,93.040001,95.010002,54021400,93.446449,1
0,0,0,0,1,96.519997,96.919998,93.690002,94.019997,46418100,92.472736,0
0,0,0,0,1,95.860001,97.330002,95.190002,96.599998,46471700,95.010279,1
0,0,0,0,1,95,96.839996,94.080002,96.349998,45964300,94.252947,1
0,0,0,0,1,95.419998,96.040001,94.279999,94.480003,37357200,92.423652,0
0,0,0,0,1,96.470001,96.709999,95.400002,96.43,40943500,94.331208,0
0,0,0,0,1,94.790001,97.339996,94.349998,97.339996,64416500,95.221398,1
0,0,0,0,1,93.790001,94.519997,92.389999,94.089996,55678800,92.042134,1
0,0,0,0,1,96.040001,96.629997,93.339996,93.419998,133369700,91.386718,0
0,0,0,0,1,99.93,100.879997,98.07,99.989998,75077000,97.813722,1
0,0,0,0,1,101.519997,101.529999,99.209999,99.440002,51794500,97.275697,0
0,0,0,0,1,98.629997,101.459999,98.370003,101.419998,65800500,99.212599,1
0,0,0,0,1,97.059998,97.879997,94.940002,96.300003,52161500,94.20404,0
0,0,0,0,1,95.099998,98.190002,93.419998,96.790001,72334400,94.683373,1
0,0,0,0,1,98.410004,98.650002,95.5,96.660004,53087700,94.556205,0
0,0,0,0,1,96.199997,97.709999,95.360001,97.129997,79010000,95.015969,1
0,0,0,0,1,97.959999,100.480003,95.739998,99.519997,63170100,97.35395,1
0,0,0,0,1,100.32,101.190002,97.300003,97.389999,62439600,95.270312,0
0,0,0,0,1,100.550003,100.690002,98.839996,99.959999,49154200,97.784376,0
0,0,0,0,1,98.970001,99.059998,97.339996,98.529999,49739400,96.3855,0
0,0,0,0,1,98.550003,99.110001,96.760002,96.959999,70798000,94.849671,0
0,0,0,0,1,98.68,100.129997,96.43,96.449997,81094400,94.350769,0
0,0,0,0,1,100.559998,102.370003,99.870003,100.699997,68457400,98.508268,1
0,0,0,0,1,105.75,105.849998,102.410004,102.709999,55791000,100.474523,0
0,0,0,0,1,102.610001,105.370003,102,105.349998,67649400,103.057063,1
0,0,0,1,0,107.010002,107.029999,104.82,105.260002,40635300,102.969025,0
0,0,0,1,0,108.580002,108.699997,107.18,107.32,25213800,104.984187,0
0,0,0,1,0,106.959999,109.43,106.860001,108.739998,30931200,106.373279,1
0,0,0,1,0,107.589996,107.690002,106.18,106.82,26704200,104.495069,0
0,0,0,1,0,109,109,107.949997,108.029999,13570400,105.678733,0
0,0,0,1,0,107.269997,108.849998,107.199997,108.610001,32657400,106.246111,1
0,0,0,1,0,107.400002,107.720001,106.449997,107.230003,32789400,104.896149,0
0,0,0,1,0,107.279999,107.370003,105.57,107.330002,47590600,104.993971,1
0,0,0,1,0,108.910004,109.519997,105.809998,106.029999,96453300,103.722263,0
0,0,0,1,0,112.019997,112.25,108.980003,108.980003,44772800,106.608061,0
0,0,0,1,0,111.07,111.989998,108.800003,111.339996,56238500,108.916689,1
0,0,0,1,0,111.940002,112.800003,110.349998,110.489998,53323100,108.08519,0
0,0,0,1,0,112.18,112.68,109.790001,112.480003,64318700,110.031884,1
0,0,0,1,0,115.190002,115.389999,112.849998,113.18,46886200,110.716645,0
0,0,0,1,0,116.040001,116.940002,115.510002,116.169998,29104200,113.641566,1
0,0,0,1,0,117.639999,117.690002,115.080002,115.620003,46361400,113.103541,0
0,0,0,1,0,117.519997,118.599998,116.860001,118.230003,34309500,115.656735,1
0,0,0,1,0,118.980003,119.860001,117.809998,118.279999,32084200,115.705642,0
0,0,0,1,0,115.290001,119.25,115.110001,119.029999,57777000,116.439319,1
0,0,0,1,0,116.550003,116.790001,114.220001,115.199997,41569500,112.692677,0
0,0,0,1,0,117.339996,118.110001,116.080002,116.279999,33386600,113.749172,0
0,0,0,1,0,118.75,118.809998,116.860001,117.339996,34852400,114.786099,0
0,0,0,1,0,117.989998,119.410004,117.75,118.300003,39180300,115.725211,1
0,0,0,1,0,118.290001,118.410004,117.599998,117.809998,13046400,115.245871,0
0,0,0,1,0,119.209999,119.230003,117.919998,118.029999,21388300,115.461084,0
0,0,0,1,0,117.330002,119.349998,117.120003,118.879997,42803200,116.292582,1
0,0,0,1,0,119.269997,119.730003,117.339996,117.75,32482500,115.187179,0
0,0,0,1,0,119.199997,119.919998,118.849998,119.300003,34287100,116.703446,1
0,0,0,1,0,117.639999,119.75,116.760002,118.779999,43295800,116.19476,1
0,0,0,1,0,115.760002,117.489998,115.5,117.290001,46674700,114.737192,1
0,0,0,1,0,114.919998,115.050003,113.32,113.690002,27616900,111.215547,0
0,0,0,1,0,111.379997,114.239998,111,114.18,38106700,111.69488,1
0,0,0,1,0,115.199997,115.57,112.269997,112.339996,45812400,109.894924,0
0,0,0,1,0,116.260002,116.82,115.650002,115.720001,32525600,113.201363,0
0,0,0,1,0,116.370003,117.419998,115.209999,116.110001,45218000,113.582874,0
0,0,0,1,0,116.900002,118.07,116.059998,116.769997,59127900,114.228505,0
0,0,0,1,0,120.959999,121.809998,120.050003,120.57,33871400,117.945802,0
0,0,0,1,0,121.110001,121.809998,120.620003,121.059998,33042300,118.425135,0
0,0,0,1,0,121.849998,122.690002,120.18,120.919998,39552700,118.288182,0
0,0,0,1,0,123.129997,123.82,121.620003,122,44886100,118.835996,0
0,0,0,1,0,120.790001,123.489998,120.699997,122.57,45519000,119.391213,1
0,0,0,1,0,120.800003,121.360001,119.610001,121.18,32203300,118.037263,1
0,0,0,1,0,120.989998,121.220001,119.449997,119.5,49365300,116.400832,0
0,0,0,1,0,118.699997,120.690002,118.269997,120.529999,51227300,117.404119,1
0,0,0,1,0,116.93,119.300003,116.059998,119.269997,85551400,116.176794,1
0,0,0,1,0,115.400002,116.540001,113.989998,114.550003,69884400,111.579211,0
0,0,0,1,0,118.080002,118.129997,114.919998,115.279999,66333800,112.290275,0
0,0,0,1,0,116.699997,119.230003,116.330002,119.080002,59366900,115.991727,1
0,0,0,1,0,114.330002,115.5,114.099998,115.5,41654100,112.50457,1
0,0,0,1,0,114,115.580002,113.699997,113.760002,41795200,110.809698,0
0,0,0,1,0,111.339996,114.169998,110.82,113.769997,48778800,110.819433,1
0,0,0,1,0,110.800003,111.75,110.110001,111.730003,29759200,108.832346,1
0,0,0,1,0,111.779999,112,110.529999,111.040001,39232600,108.160239,0
0,0,0,1,0,110.93,112.099998,110.489998,111.860001,37673500,108.958972,1
0,0,0,1,0,111.290001,111.519997,109.559998,110.209999,44462400,107.351763,0
0,0,0,1,0,110.82,112.449997,110.68,111.790001,33049300,108.890788,1
0,0,0,1,0,112.730003,112.75,111.440002,111.599998,30467200,108.705713,0
0,0,0,1,0,110,112.279999,109.489998,112.120003,52766100,109.212231,1
0,0,0,1,0,110.190002,110.190002,108.209999,109.5,61979600,106.660177,0
0,0,0,1,0,111.739998,111.769997,109.410004,110.779999,46765600,107.90698,0
0,0,0,1,0,110.629997,111.739998,109.769997,111.309998,48196800,108.423233,1
0,0,0,1,0,109.879997,111.370003,109.07,110.779999,52064700,107.90698,1
0,0,0,1,0,108.010002,111.010002,107.550003,110.379997,58019800,107.517352,1
0,0,0,1,0,109.07,109.620003,107.309998,109.580002,63929100,106.738104,1
0,0,0,1,0,110.169998,111.540001,108.730003,110.300003,66473000,107.439432,1
0,0,0,1,0,112.830002,113.510002,107.860001,109.059998,73365400,106.231586,0
0,0,0,1,0,113.849998,114.57,112.440002,112.440002,52109000,109.523932,0
0,0,0,1,0,116.440002,116.690002,114.019997,114.709999,56151900,111.735057,0
0,0,0,1,0,113.25,115.5,112.370003,115,50219500,112.017537,1
0,0,0,1,0,113.629997,114.720001,113.300003,114.32,35756700,111.355172,1
0,0,0,1,0,113.379997,114.18,112.519997,113.400002,50346200,110.459034,1
0,0,0,1,0,113.669998,115.370003,113.660004,115.209999,50222000,112.22209,1
0,0,0,1,0,112.209999,114.300003,111.870003,113.449997,74285300,110.507733,1
0,0,0,1,0,115.660004,116.489998,113.720001,113.919998,64112600,110.965545,0
0,0,0,1,0,116.25,116.540001,115.440002,116.410004,37173500,113.390973,1
0,0,0,1,0,115.93,116.529999,114.419998,116.279999,43341200,113.26434,1
0,0,0,1,0,116.580002,116.889999,114.860001,115.309998,58363400,112.319495,0
0,0,0,1,0,111.790001,114.209999,111.760002,114.209999,49915500,111.248025,1
0,0,0,1,0,110.269997,113.279999,109.900002,112.57,62892800,109.650558,1
0,0,0,1,0,113.760002,114.019997,109.769997,110.150002,85010800,107.293321,0
0,0,0,1,0,111.75,112.559998,110.32,112.309998,54843600,109.397299,1
0,0,0,1,0,108.970001,110.449997,108.510002,109.269997,49996300,106.436139,1
0,0,0,1,0,112.489998,112.779999,110.040001,110.370003,53233900,107.507617,0
0,0,0,1,0,110.230003,112.339996,109.129997,112.339996,61888800,109.426519,1
0,0,0,1,0,110.150002,111.879997,107.360001,107.720001,76845900,104.926341,0
0,0,0,1,0,112.029999,114.529999,112,112.760002,56229300,109.835633,1
0,0,0,1,0,112.169998,113.309998,111.540001,113.290001,53164400,110.351886,1
0,0,0,1,0,112.230003,113.239998,110.019997,112.919998,84616100,109.991479,1
0,0,0,1,0,107.089996,109.889999,105.050003,109.690002,96774600,106.845252,1
0,0,0,1,0,111.110001,111.110001,103.5,103.739998,103601600,101.049557,0
0,0,0,1,0,94.870003,108.800003,92,103.120003,162206300,100.445641,1
0,0,0,1,0,110.43,111.900002,105.650002,105.760002,128275500,103.017174,0
0,0,0,1,0,114.080002,114.349998,111.629997,112.650002,68501600,109.728485,0
0,0,0,1,0,116.099998,116.519997,114.68,115.010002,47445700,112.02728,0
0,0,0,1,0,116.43,117.440002,116.010002,116.5,34560700,113.478636,1
0,0,0,1,0,116.040001,117.650002,115.5,117.160004,40884700,114.121522,1
0,0,0,1,0,114.32,116.309998,114.010002,115.959999,42929500,112.952639,1
0,0,0,1,0,116.040001,116.400002,114.540001,115.150002,48535800,112.163649,0
0,0,0,1,0,112.529999,115.419998,109.629997,115.239998,101217500,112.251311,1
0,0,0,1,0,117.809998,118.18,113.330002,113.489998,97082800,110.546696,0
0,0,0,1,0,116.529999,119.989998,116.529999,119.720001,54951600,116.615128,1
0,0,0,1,0,114.580002,116.25,114.5,115.519997,38670400,112.524048,1
0,0,0,1,0,115.970001,116.5,114.120003,115.129997,52903000,112.144163,0
0,0,0,1,0,112.949997,117.440002,112.099998,115.400002,99312600,111.900655,1
0,0,0,1,0,117.419998,117.699997,113.25,114.639999,124138600,111.163699,0
0,0,0,1,0,121.5,122.57,117.519997,118.440002,69976000,114.848472,0
0,0,0,1,0,122.599998,122.639999,120.910004,121.300003,42885000,117.621747,0
0,0,0,1,0,122.32,122.57,121.709999,122.370003,33628300,118.659301,1
0,0,0,1,0,123.150002,123.5,122.269997,122.989998,37011700,119.260495,0
0,0,0,1,0,123.379997,123.910004,122.550003,123.379997,33618100,119.638669,0
0,0,0,1,0,123.089996,123.610001,122.120003,122.769997,44455500,119.047165,0
0,0,0,1,0,125.32,125.739998,123.900002,124.5,42162300,120.724709,0
0,0,0,1,0,126.199997,127.089996,125.059998,125.160004,50999500,121.364699,0
0,0,0,1,0,121.989998,125.5,121.989998,125.220001,115450600,121.422877,1
0,0,0,1,0,132.850006,132.919998,130.320007,130.75,76756400,126.785186,0
0,0,0,1,0,130.970001,132.970001,130.699997,132.070007,58900200,128.065166,1
0,0,0,1,0,129.080002,129.619995,128.309998,129.619995,46164700,125.689447,1
0,0,0,1,0,127.739998,128.570007,127.349998,128.509995,36222400,124.613106,1
0,0,0,1,0,125.720001,127.150002,125.580002,126.82,33649200,122.974358,1
0,0,0,1,0,126.040001,126.370003,125.040001,125.610001,31768100,121.80105,0
0,0,0,1,0,125.029999,125.760002,124.32,125.660004,41440500,121.849537,1
0,0,0,1,0,121.940002,123.849998,121.209999,123.279999,61354500,119.541702,1
0,0,0,1,0,123.849998,124.059998,119.220001,120.07,77821600,116.429042,0
0,0,0,1,0,124.480003,124.639999,122.540001,122.57,60761600,118.853233,0
0,0,0,1,0,125.889999,126.150002,123.769997,125.690002,46946800,121.878626,0
0,0,0,1,0,124.940002,126.230003,124.849998,126,28060400,122.179223,1
0,0,0,1,0,126.43,126.690002,125.769997,126.440002,27211000,122.605883,1
0,0,0,1,0,126.900002,126.940002,125.989998,126.599998,30238800,122.761028,0
0,0,0,1,0,125.57,126.120003,124.860001,125.43,44370700,121.626508,0
0,0,0,1,0,125.459999,126.470001,124.480003,124.529999,49161400,120.753798,0
0,0,0,1,0,127.669998,127.989998,126.510002,126.75,44066800,122.906481,0
0,0,0,1,0,128.860001,129.199997,127.5,127.5,31938100,123.633738,0
0,0,0,1,0,127.209999,129.800003,127.120003,128.110001,55280900,124.225241,1
0,0,0,1,0,127.480003,127.610001,126.879997,127.029999,30268900,123.177989,0
0,0,0,1,0,127.489998,128.059998,127.080002,127.610001,34039300,123.740403,1
0,0,0,1,0,127.709999,127.82,126.400002,126.599998,54716900,122.761028,0
0,0,0,1,0,127.230003,128.309998,127.220001,127.879997,35407200,124.002212,1
0,0,0,1,0,127.720001,127.879997,126.739998,127.300003,32918100,123.439806,0
0,0,0,1,0,127.029999,127.849998,126.370003,127.599998,31494100,123.730704,1
0,0,0,1,0,126.099998,127.239998,125.709999,126.919998,43988900,123.071324,1
0,0,0,1,0,128.190002,128.330002,127.110001,127.169998,36886200,123.313743,0
0,0,0,1,0,129.179993,130.179993,128.479996,128.589996,35390900,124.690682,0
0,0,0,1,0,127.919998,129.339996,127.849998,128.880005,39087300,124.971896,1
0,0,0,1,0,126.699997,128.080002,125.620003,127.419998,56075400,123.556162,1
0,0,0,1,0,128.899994,129.210007,126.830002,127.800003,52674800,123.924644,0
0,0,0,1,0,129.5,129.690002,128.360001,128.649994,35626800,124.74886,0
0,0,0,1,0,129.580002,130.580002,128.910004,129.360001,38450100,125.437337,0
0,0,0,1,0,130.660004,130.940002,129.899994,130.119995,30889400,126.174285,0
0,0,0,1,0,129.860001,130.660004,129.320007,129.960007,33667600,126.019148,1
0,0,0,1,0,130.279999,131.389999,130.050003,130.539993,32112800,126.581548,1
0,0,0,1,0,131.229996,131.449997,129.899994,130.279999,50884500,126.329437,0
0,0,0,1,0,131.860001,131.949997,131.100006,131.779999,30733300,127.783952,0
0,0,0,1,0,130.339996,132.259995,130.050003,132.039993,45833200,128.036062,1
0,0,0,1,0,132.600006,132.910004,129.119995,129.619995,70697600,125.689447,0
0,0,0,1,0,131.600006,132.970001,131.399994,132.539993,45596000,128.5209,1
0,0,0,1,0,130.070007,131.630005,129.830002,131.389999,39730400,127.405778,1
0,0,0,1,0,130,130.979996,129.339996,130.059998,36454900,126.116107,1
0,0,0,1,0,130.690002,130.880005,129.639999,130.070007,44633200,126.125813,0
0,0,0,1,0,128.380005,130.720001,128.360001,130.190002,50882900,126.24217,1
0,0,0,1,0,129.070007,129.490005,128.210007,128.770004,38208000,124.865231,0
0,0,0,1,0,127.410004,128.949997,127.160004,128.949997,45203500,125.039766,1
0,0,0,1,0,126.150002,127.190002,125.870003,126.010002,34694200,122.188922,0
0,0,0,1,0,125.599998,126.879997,124.82,125.870003,48160000,122.053168,1
0,0,0,1,0,127.389999,127.559998,125.629997,126.32,42035800,122.489519,0
0,0,0,1,0,126.68,127.620003,126.110001,127.620003,55550400,123.750102,1
0,0,0,1,0,124.769997,126.080002,124.019997,125.260002,43940900,121.461665,1
0,0,0,1,0,126.559998,126.75,123.360001,125.010002,72141000,120.71501,0
0,0,0,1,0,128.149994,128.449997,125.779999,125.800003,49271400,121.477868,0
0,0,0,1,0,129.5,130.570007,128.259995,128.699997,50988300,124.278227,0
0,0,0,1,0,126.099998,130.130005,125.300003,128.949997,58512600,124.519637,1
0,0,0,1,0,128.639999,128.639999,124.580002,125.150002,83195400,120.850199,0
0,0,0,1,0,130.160004,131.589996,128.300003,128.639999,63386100,124.22029,0
0,0,0,1,0,134.460007,134.539993,129.570007,130.559998,118924000,126.074323,0
0,0,0,1,0,132.309998,133.130005,131.149994,132.649994,96954200,128.092513,1
0,0,0,1,0,130.490005,130.630005,129.229996,130.279999,44525900,125.803944,0
0,0,0,1,0,128.300003,130.419998,128.139999,129.669998,45770900,125.214901,1
0,0,0,1,0,126.989998,128.869995,126.32,128.619995,37654500,124.200973,1
0,0,0,1,0,128.100006,128.199997,126.669998,126.910004,32435100,122.549733,0
0,0,0,1,0,125.57,128.119995,125.169998,127.599998,47054300,123.216021,1
0,0,0,1,0,125.550003,126.139999,124.459999,124.75,51957000,120.463941,0
0,0,0,1,0,126.279999,127.099998,126.110001,126.169998,28369000,121.835152,0
0,0,0,1,0,126.410004,127.129997,126.010002,126.779999,28970400,122.424194,1
0,0,0,1,0,127,127.290001,125.910004,126.300003,25524600,121.96069,0
0,0,0,1,0,128.369995,128.570007,126.610001,126.849998,36365100,122.491789,0
0,0,0,1,0,125.949997,127.209999,125.260002,127.099998,40188000,122.7332,1
0,0,0,1,0,125.849998,126.580002,124.660004,126.559998,32484000,122.211752,1
0,0,0,1,0,125.849998,126.400002,124.970001,125.599998,37329200,121.284735,0
0,0,0,1,0,127.639999,128.119995,125.980003,126.010002,35012300,121.680653,0
0,0,0,1,0,124.470001,127.510002,124.330002,127.349998,37194000,122.97461,1
0,0,0,1,0,125.029999,125.559998,124.190002,125.32,32220100,121.014357,1
0,0,0,1,0,124.82,125.120003,123.099998,124.25,40621400,119.981119,0
0,0,0,1,0,126.089996,126.489998,124.360001,124.43,42090600,120.154935,0
0,0,0,1,0,124.050003,126.400002,124,126.370003,47099700,122.028285,1
0,0,0,1,0,124.57,124.699997,122.910004,123.25,39546200,119.015476,0
0,0,0,1,0,122.760002,124.879997,122.599998,124.239998,47572900,119.971461,1
0,0,0,1,0,126.540001,126.82,123.379997,123.379997,51655200,119.141007,0
0,0,0,1,0,127.230003,128.039993,126.559998,126.690002,32842300,122.33729,0
0,0,0,1,0,127.120003,127.849998,126.519997,127.209999,37709700,122.839421,1
0,0,0,1,0,128.25,128.399994,125.160004,125.900002,68695100,121.574431,0
0,0,0,1,0,128.75,129.25,127.400002,127.5,45809500,123.119458,0
0,0,0,1,0,127,129.160004,126.370003,128.470001,65270900,124.056133,1
0,0,0,1,0,125.900002,127.32,125.650002,127.040001,51023100,122.675263,1
0,0,0,1,0,123.879997,124.949997,122.870003,124.949997,35874300,120.657066,1
0,0,0,1,0,124.400002,125.400002,122.580002,123.589996,51827300,119.343791,0
0,0,0,1,0,122.309998,124.900002,121.629997,124.449997,48362700,120.174245,1
0,0,0,1,0,124.75,124.769997,122.110001,122.239998,68939000,118.040175,0
0,0,0,1,0,126.410004,127.220001,123.800003,124.510002,68856600,120.232188,0
0,0,0,1,0,127.959999,129.570007,125.059998,127.139999,88528500,122.771826,0
0,0,0,1,0,128.399994,129.369995,126.260002,126.599998,72842100,122.250378,0
0,0,0,1,0,128.580002,128.75,125.760002,126.410004,56517100,122.066911,0
0,0,0,1,0,129.100006,129.559998,128.320007,128.539993,31666300,124.12372,0
0,0,0,1,0,128.960007,129.520004,128.089996,129.360001,37816300,124.915554,1
0,0,0,1,0,129.25,130.279999,128.300003,129.089996,48096700,124.654827,0
0,0,0,1,0,130,130.570007,128.240005,128.460007,62014800,124.046482,0
0,0,0,1,0,128.789993,130.869995,126.610001,130.419998,91287500,125.939133,1
0,0,0,1,0,131.559998,131.600006,128.149994,128.789993,74711700,124.365131,0
0,0,0,1,0,132.940002,133.600006,131.169998,132.169998,69228100,127.629008,0
0,0,0,1,0,130.020004,133,129.660004,133,70974100,128.430494,1
0,0,0,1,0,128.619995,129.5,128.050003,129.5,48948400,125.050744,1
0,0,0,1,0,128.479996,129.029999,128.330002,128.449997,37362400,124.036816,0
0,0,0,1,0,127.629997,128.779999,127.449997,128.720001,44891700,124.297544,1
0,0,0,1,0,127.489998,128.880005,126.919998,127.830002,63152400,123.438122,1
0,0,0,1,0,127.279999,127.279999,125.650002,127.080002,54272200,122.71389,0
0,0,0,1,0,126.059998,127.480003,125.57,126.459999,74474500,122.115189,1
0,0,0,1,0,122.769997,124.919998,122.5,124.879997,73561800,120.589471,1
0,0,0,1,0,120.169998,122.150002,120.160004,122.019997,62008500,117.827732,1
0,0,0,1,0,118.550003,119.839996,118.43,119.720001,38889800,115.606758,1
0,0,0,1,0,120.019997,120.25,118.449997,118.93,43706600,114.8439,0
0,0,0,1,0,120.019997,120.230003,119.25,119.940002,42246200,115.819201,0
0,0,0,1,0,118.5,120.510002,118.309998,119.559998,70149700,114.998404,1
0,0,0,1,0,118.5,119.089996,117.610001,118.650002,51915700,114.123128,1
0,0,0,1,0,118.050003,119.169998,116.080002,118.629997,62739100,114.103887,1
0,0,0,1,0,118.400002,120,116.849998,117.160004,83745500,112.689978,0
0,0,0,1,0,116.32,119.190002,115.559998,118.900002,84436400,114.363589,1
0,0,0,1,0,117.629997,118.120003,115.309998,115.309998,146477100,110.910555,0
0,0,0,1,0,112.419998,112.480003,109.029999,109.139999,95568700,104.975962,0
0,0,0,1,0,113.739998,114.360001,112.800003,113.099998,55615000,108.784875,0
0,0,0,1,0,112.300003,113.75,111.529999,112.980003,46464800,108.669458,1
0,0,0,1,0,110.260002,112.470001,109.720001,112.400002,53796400,108.111585,1
0,0,0,1,0,108.949997,111.059998,108.269997,109.550003,48575900,105.370323,1
0,0,0,1,0,107.839996,108.970001,106.5,108.720001,49899900,104.571988,1
0,0,0,1,0,107.029999,107.580002,105.199997,105.989998,78513300,101.946143,0
0,0,0,1,0,110,110.059998,106.660004,106.82,60014000,102.744478,0
0,0,0,1,0,109.040001,110.489998,108.5,109.800003,48337000,105.610785,1
0,0,0,1,0,111.43,112.800003,108.910004,110.220001,67091900,106.014759,0
0,0,0,1,0,112.599998,112.629997,108.800003,109.25,49650800,105.081766,0
0,0,0,1,0,112.669998,113.25,110.209999,112.010002,53699500,107.736465,0
0,0,0,1,0,109.230003,112.150002,108.699997,111.889999,59364500,107.621041,1
0,0,0,1,0,107.199997,108.199997,106.699997,107.75,40105900,103.638996,1
0,0,0,1,0,106.540001,107.43,104.629997,106.260002,65797100,102.205846,0
0,0,0,1,0,108.290001,108.650002,105.410004,106.25,64285500,102.196226,0
0,0,0,1,0,111.389999,111.440002,107.349998,109.330002,53204600,105.158716,0
0,0,1,0,0,112.82,113.129997,110.209999,110.379997,41403400,106.16865,0
0,0,1,0,0,113.639999,113.919998,112.110001,112.519997,29881500,108.227002,0
0,0,1,0,0,113.790001,114.769997,113.699997,113.910004,27598900,109.563976,1
0,0,1,0,0,112.099998,114.519997,112.010002,113.989998,33721000,109.640918,1
0,0,1,0,0,112.580002,112.709999,112.010002,112.010002,14479600,107.736465,0
0,0,1,0,0,113.230003,113.330002,112.459999,112.540001,26028400,108.246243,0
0,0,1,0,0,112.160004,113.489998,111.970001,112.940002,45167500,108.630983,1
0,0,1,0,0,112.260002,113.239998,111.660004,111.779999,88429800,107.515237,0
0,0,1,0,0,111.870003,112.650002,110.660004,112.650002,59006200,108.352047,1
0,0,1,0,0,107.120003,109.839996,106.82,109.410004,53411800,105.235665,1
0,0,1,0,0,106.370003,110.160004,106.260002,106.75,60790700,102.677149,1
0,0,1,0,0,110.699997,111.599998,106.349998,108.230003,67218100,104.100685,0
0,0,1,0,0,110.459999,111.870003,109.580002,109.730003,56028100,105.543456,0
0,0,1,0,0,112.260002,113.800003,111.339996,111.620003,41401700,107.361346,0
0,0,1,0,0,114.410004,114.849998,111.540001,111.949997,44565300,107.67875,0
0,0,1,0,0,110.190002,114.300003,109.349998,114.120003,60208000,109.765963,1
0,0,1,0,0,114.099998,114.650002,111.620003,112.400002,57664900,108.111585,0
0,0,1,0,0,115.989998,116.080002,114.639999,115,38318900,110.612385,0
0,0,1,0,0,115.769997,117.199997,115.290001,115.489998,42044500,111.083688,0
0,0,1,0,0,115.75,116.349998,115.110001,115.93,43063400,111.506903,1
0,0,1,0,0,113.5,115.75,112.75,114.629997,59348900,110.256499,1
0,0,1,0,0,118.809998,119.25,111.269997,115.07,83814000,110.679714,0
0,0,1,0,0,119.269997,119.400002,118.050003,118.93,24814400,114.392444,0
0,0,1,0,0,117.940002,119.099998,117.830002,119,40768300,114.459773,1
0,0,1,0,0,119.07,119.75,117.449997,117.599998,68840400,113.113186,0
0,0,1,0,0,116.849998,118.769997,116.620003,118.629997,47450800,114.103887,1
0,0,1,0,0,117.510002,117.57,116.029999,116.470001,57179300,112.026301,0
0,0,1,0,0,114.910004,116.860001,114.849998,116.309998,43395500,111.872402,1
0,0,1,0,0,115.440002,115.739998,113.800003,114.669998,41869200,110.294974,0
0,0,1,0,0,113.940002,115.690002,113.889999,115.470001,44224000,111.064454,1
0,0,1,0,0,114.269997,117.279999,113.300003,113.989998,46746700,109.640918,0
0,0,1,0,0,113.150002,114.190002,111.209999,114.18,44063600,109.823671,1
0,0,1,0,0,111.800003,113.449997,111.599998,112.82,59522900,108.515559,1
0,0,1,0,0,109.379997,111.43,109.370003,111.25,46942400,107.00546,1
0,0,1,0,0,108.699997,109.75,108.400002,109.699997,27442300,105.514594,1
0,0,1,0,0,109.019997,109.330002,108.669998,108.830002,27195500,104.677792,0
0,0,1,0,0,108.75,109.32,108.550003,109.010002,33691500,104.850925,1
0,0,1,0,0,108.599998,108.790001,107.800003,108.699997,34968500,104.552747,1
0,0,1,0,0,109.099998,109.300003,108.129997,108.860001,37435900,104.254575,0
0,0,1,0,0,109.360001,109.489998,107.720001,108.599998,41574400,104.005573,0
0,0,1,0,0,108.220001,110.300003,108.010002,109.400002,52282600,104.771731,1
0,0,1,0,0,108.010002,108.040001,107.209999,108,44639300,103.430958,0
0,0,1,0,0,106.959999,107.349998,105.900002,106.980003,40654800,102.454113,1
0,0,1,0,0,106.650002,107.370003,106.360001,107.339996,52687900,102.798876,1
0,0,1,0,0,105.400002,106.739998,105.349998,106.739998,48060900,102.224261,1
0,0,1,0,0,104.849998,105.480003,104.699997,105.110001,34187700,100.663223,1
0,0,1,0,0,105.18,105.489998,104.529999,105.220001,47053900,100.768569,1
0,0,1,0,0,104.080002,105.050003,103.629997,104.830002,71074700,100.395069,1
0,0,1,0,0,102.839996,104.110001,102.599998,102.989998,68263100,98.632909,1
0,0,1,0,0,103.019997,103.019997,101.269997,102.470001,94623900,98.134911,0
0,0,1,0,0,98.32,99.959999,98.220001,99.760002,77517300,95.539561,1
0,0,1,0,0,97.5,99,96.809998,97.669998,68179700,93.537976,1
0,0,1,0,0,95.550003,97.720001,95.410004,96.260002,72154500,92.187632,1
0,0,1,0,0,97.970001,99.150002,95.18,97.540001,100933600,93.413479,0
0,0,1,0,0,100.389999,100.519997,98.57,98.75,63688600,94.572288,0
0,0,1,0,0,101.330002,101.779999,99.809998,99.809998,53583400,95.587441,0
0,0,1,0,0,100.690002,102.029999,100.300003,100.730003,66331600,96.468525,1
0,0,1,0,0,101.540001,102.379997,100.610001,101.019997,77376500,96.74625,0
0,0,1,0,0,98.760002,101.110001,98.309998,100.800003,57404700,96.535564,1
0,0,1,0,0,99.43,100.120003,98.730003,98.75,42094200,94.572288,0
0,0,1,0,0,99.949997,100.650002,99.419998,99.620003,37051200,95.405484,0
0,0,1,0,0,99.440002,100.209999,99.040001,99.620003,43469600,95.405484,1
0,0,1,0,0,99.269997,100.220001,98.040001,99.900002,47757800,95.673637,1
0,0,1,0,0,100.589996,100.690002,98.699997,99.18,51491300,94.984097,0
0,0,1,0,0,100.809998,101.540001,100.529999,100.75,55264100,96.487676,0
0,0,1,0,0,98.650002,100.440002,98.629997,100.110001,49766300,95.874752,1
0,0,1,0,0,98.529999,100.75,98.400002,100.75,62370500,96.487676,1
0,0,1,0,0,100.510002,100.709999,97.720001,97.870003,100092000,93.72952,0
0,0,1,0,0,102.160004,102.849998,101.199997,101.75,60171800,97.44537,0
0,0,1,0,0,100.599998,102.940002,100.540001,102.639999,63402200,98.297717,1
0,0,1,0,0,101.800003,102.139999,100.580002,101.059998,52788400,96.784559,0
0,0,1,0,0,102.290001,102.349998,100.5,100.959999,70902400,96.688791,0
0,0,1,0,0,101.93,102.349998,101.559998,101.790001,37299400,97.483679,0
0,0,1,0,0,101.269997,101.800003,100.589996,101.580002,60926500,97.282564,1
0,0,1,0,0,99.800003,101.260002,98.889999,100.860001,66908100,96.593023,1
0,0,1,0,0,102.809998,103.050003,101.440002,101.629997,61316500,97.330444,0
0,0,1,0,0,101.209999,102.190002,101.080002,101.660004,62626100,97.359181,1
0,0,1,0,0,100.410004,101.440002,99.620003,101.43,62353100,97.138908,1
0,0,1,0,0,98.010002,101.110001,97.760002,101,100869600,96.727099,1
0,0,1,0,0,99.080002,103.080002,96.139999,97.989998,189846300,93.844438,0
0,0,1,0,0,99.300003,99.309998,98.050003,98.360001,46356700,94.198788,0
0,0,1,0,0,98.800003,99.389999,98.309998,98.970001,58457000,94.782982,1
0,0,1,0,0,98.849998,100.089996,97.790001,98.120003,85718000,93.968943,0
0,0,1,0,0,103.099998,103.199997,98.580002,98.940002,125421000,94.754252,0
0,0,1,0,0,103.059998,103.739998,102.720001,103.300003,53564000,98.929799,1
0,0,1,0,0,102.860001,102.900002,102.199997,102.5,44595000,98.16364,0
0,0,1,0,0,101.589996,102.779999,101.559998,102.25,68460000,97.924217,1
0,0,1,0,0,101.019997,102.57,100.699997,102.129997,52369000,97.809291,1
0,0,1,0,0,101.419998,101.5,100.860001,100.889999,33152000,96.621752,0
0,0,1,0,0,101.790001,102.169998,101.279999,101.540001,40270000,97.244255,0
0,0,1,0,0,100.290001,101.470001,100.190002,101.32,44184000,97.033561,1
0,0,1,0,0,100.57,100.940002,100.110001,100.580002,33478000,96.32487,1
0,0,1,0,0,100.440002,101.089996,99.949997,100.57,52699000,96.315291,1
0,0,1,0,0,99.410004,100.68,99.32,100.529999,69399000,96.276982,1
0,0,1,0,0,98.489998,99.370003,97.980003,99.160004,47572000,94.964946,1
0,0,1,0,0,97.900002,98.190002,96.860001,97.980003,48951000,93.834867,1
0,0,1,0,0,97.330002,97.57,96.800003,97.5,28116000,93.37517,1
0,0,1,0,0,96.150002,97.239998,96.040001,97.239998,31916000,93.126168,1
0,0,1,0,0,96.040001,96.879997,95.610001,95.970001,33795000,91.909899,0
0,0,1,0,0,95.269997,96.080002,94.839996,95.989998,36585000,91.92905,1
0,0,1,0,0,94.260002,94.82,93.279999,94.739998,41865000,90.731933,1
0,0,1,0,0,94.93,95.949997,94.099998,94.480003,46711000,90.482937,0
0,0,1,0,0,94.75,95.480003,94.709999,94.959999,38558000,90.49251,1
0,0,1,0,0,95.360001,95.68,94.360001,95.120003,55933000,90.644987,0
0,0,1,0,0,96.370003,96.580002,95.169998,95.589996,39958000,91.092869,0
0,0,1,0,0,94.900002,96.620003,94.809998,96.129997,48511000,91.607465,1
0,0,1,0,0,97.160004,97.449997,95.330002,95.599998,56843000,91.1024,0
0,0,1,0,0,98.440002,98.699997,97.669998,98.150002,33010000,93.532436,0
0,0,1,0,0,99.330002,99.440002,98.25,98.379997,43143000,93.751611,0
0,0,1,0,0,97.82,99.239998,97.550003,99.019997,55318000,94.361501,1
0,0,1,0,0,96.849998,97.839996,96.639999,97.669998,43469000,93.075015,1
0,0,1,0,0,97.040001,97.32,96.419998,97.029999,45729000,92.465125,0
0,0,1,0,0,95.419998,97.879997,95.169998,97.190002,92918000,92.617601,1
0,0,1,0,0,94.68,94.889999,94.120003,94.720001,55197000,90.263804,1
0,0,1,0,0,94.989998,95,93.720001,93.940002,39079000,89.520501,0
0,0,1,0,0,93.620003,94.739998,93.019997,94.43,49988000,89.987446,1
0,0,1,0,0,95.029999,95.279999,92.57,93.089996,57298000,88.710484,0
0,0,1,0,0,96.970001,97.099998,94.739998,94.779999,53396300,90.320978,0
0,0,1,0,0,96.800003,96.849998,95.029999,95.32,45477900,90.835574,0
0,0,1,0,0,95.860001,96.889999,95.650002,96.449997,42810000,91.91241,1
0,0,1,0,0,95.360001,95.889999,94.860001,95.220001,34018000,90.74028,0
0,0,1,0,0,93.760002,95.550003,93.519997,95.040001,39686000,90.568748,1
0,0,1,0,0,95.440002,95.949997,94.760002,95.389999,36436000,90.902281,0
0,0,1,0,0,96.269997,96.800003,93.919998,95.349998,65222000,90.864162,0
0,0,1,0,0,94.139999,95.989998,94.099998,95.970001,56468000,91.454996,1
0,0,1,0,0,93.669998,94.099998,93.199997,94.029999,22891800,89.606263,1
0,0,1,0,0,93.870003,94.059998,93.089996,93.480003,28465000,89.082143,0
0,0,1,0,0,93.519997,94.07,93.129997,93.519997,38223000,89.120254,0
0,0,1,0,0,92.099998,93.730003,92.089996,92.93,49482300,88.558015,1
0,0,1,0,0,90.82,92,90.769997,91.980003,64029000,87.652712,1
0,0,1,0,0,90.370003,91.050003,89.800003,90.900002,32629000,86.62352,1
0,0,1,0,0,90.209999,90.699997,89.650002,90.360001,36869000,86.108924,1
0,0,1,0,0,90.75,91.739998,90.190002,90.279999,39036000,86.032685,0
0,0,1,0,0,91.32,91.620003,90.599998,90.830002,43694000,86.556813,0
0,0,1,0,0,91.849998,92.550003,90.900002,90.910004,100898000,86.633051,0
0,0,1,0,0,92.290001,92.300003,91.339996,91.860001,35528000,87.538354,0
0,0,1,0,0,92.269997,92.290001,91.349998,92.18,33514000,87.843299,0
0,0,1,0,0,92.309998,92.699997,91.800003,92.080002,29726000,87.748006,0
0,0,1,0,0,91.510002,92.75,91.449997,92.199997,35561000,87.862355,1
0,0,1,0,0,92.199997,92.440002,90.879997,91.279999,54525000,86.985639,0
0,0,1,0,0,94.040001,94.120003,91.900002,92.290001,54749000,87.948125,0
0,0,1,0,0,94.129997,94.760002,93.470001,93.860001,45681000,89.444262,0
0,0,1,0,0,94.730003,95.050003,93.57,94.25,62777000,89.815914,0
0,0,1,0,0,92.699997,93.879997,91.75,93.699997,75415000,89.291786,1
0,0,1,0,0,649.900002,651.259979,644.470024,645.570023,87484600,87.885505,0
0,0,1,0,0,646.199997,649.370003,642.610008,647.349983,75951400,88.127822,1
0,0,1,0,0,637.44001,647.890022,636.109993,644.819992,83870500,87.783398,1
0,0,1,0,0,628.459991,638.740013,628.25,637.539986,73177300,86.792325,1
0,0,1,0,0,633.959984,634.830017,622.500015,628.650009,92337700,85.582077,0
0,0,1,0,0,637.979996,644.169991,628.900002,633.000015,141005200,86.17427,0
0,0,1,0,0,627.849991,636.87001,627.769989,635.37999,94118500,86.498271,1
0,0,1,0,0,626.019989,629.830009,623.779991,624.01001,78870400,84.950404,0
0,0,1,0,0,615.879997,625.859985,615.630005,625.63002,87216500,85.170947,1
0,0,1,0,0,607.25,614.730011,606.470009,614.129997,58052400,83.605376,1
0,0,1,0,0,606.599998,609.850006,604.100021,607.269974,50190000,82.671478,1
0,0,1,0,0,603.830002,606.699974,602.059975,606.310005,49214900,82.540792,1
0,0,1,0,0,604.510017,606.399994,600.730011,604.710022,58709000,82.322976,1
0,0,1,0,0,597.849998,607.330002,597.329987,604.590019,79438800,82.306639,1
0,0,1,0,0,588.629974,597.529991,585.399994,597.510017,69064100,81.342794,1
0,0,1,0,0,594.70002,596.599983,588.040001,588.819992,57711500,80.159766,0
0,0,1,0,0,592.430008,597.400002,591.740005,593.869987,41601000,80.847254,1
0,0,1,0,0,591.999985,594.540016,590.699982,593.760025,39934300,80.832284,1
0,0,1,0,0,587.489975,593.659996,587.399986,592.830017,53302200,80.705676,1
0,0,1,0,0,584.540001,586.25,580.330025,585.540024,72899400,79.713243,1
0,0,1,0,0,588.249992,594.410027,586.400017,587.990013,57574300,80.046776,0
0,0,1,0,0,595.249992,597.289986,587.72998,592.329979,70716100,80.189716,0
0,0,1,0,0,601.799995,604.409988,594.410027,594.410027,93641100,80.471313,0
0,0,1,0,0,590.140022,600.999977,589.999992,600.959976,71766800,81.358046,1
0,0,1,0,0,592.340019,594.199982,589.709999,592.580025,47878600,80.223567,1
0,0,1,0,0,591.999985,594.799995,586.360016,591.480026,61012000,80.074649,0
0,0,1,0,0,592.639999,599.430008,589.799988,590.089981,114160200,79.886464,0
0,0,1,0,0,593.739998,595.979996,589.509995,592.329979,84344400,80.189716,0
0,0,1,0,0,572.800026,595.749977,572.54998,594.090019,167371400,80.42799,1
0,0,1,0,0,564.529984,571.990021,563.959984,571.93998,97568800,77.429315,1
0,0,1,0,0,568.210014,570.000015,560.730003,567.770004,189977900,76.864783,0
0,0,1,0,0,529.060013,531.13002,524.449974,524.750008,98735000,71.04073,0
0,0,1,0,0,528.309982,531.830009,526.500008,531.70002,50640800,71.981623,1
0,0,1,0,0,525.339981,532.139977,523.959976,531.170021,45637200,71.909872,1
0,0,1,0,0,519.999992,527.76001,519.199974,524.940025,71083600,71.066454,1
0,0,1,0,0,518.049988,521.090004,514.139992,519.01001,53691400,70.263648,1
0,0,1,0,0,520.270012,521.639977,511.329994,517.959999,66622500,70.121497,0
0,0,1,0,0,521.900009,522.159988,517.210022,521.679977,51418500,70.625109,0
0,0,1,0,0,519.000023,522.830017,517.140007,519.610023,67929400,70.344878,1
0,0,1,0,0,530.680023,532.240005,523.169998,523.480019,59913000,70.868798,0
0,0,1,0,0,522.639999,530.490005,522.020012,530.320015,51542400,71.794798,1
0,0,1,0,0,525.190018,526.120026,518.699989,523.440018,60972100,70.863383,0
0,0,1,0,0,528.019989,530.900002,521.890022,523.469978,72462600,70.867439,0
0,0,1,0,0,539.810005,540.000023,530.579994,531.820023,68812800,71.997869,0
0,0,1,0,0,541.390015,542.5,537.640022,538.790009,40586000,72.941467,0
0,0,1,0,0,542.379997,543.479996,540.260002,542.549988,45105200,73.450494,1
0,0,1,0,0,537.760025,541.870026,536.769989,541.649994,50190000,73.328652,1
0,0,1,0,0,539.230019,540.809975,535.930023,536.739975,42167300,72.663933,0
0,0,1,0,0,538.319984,538.940025,534.249985,536.859978,50141000,72.680179,0
0,0,1,0,0,540.019997,541.499977,535.120018,537.459991,55507900,72.761409,0
0,0,1,0,0,546.520012,549.000015,538.860023,539.779991,74942000,73.075491,0
0,0,1,0,0,541.499977,545.750008,539.589973,544.98999,70573300,73.780821,1
0,0,1,0,0,538.420013,540.500008,535.05999,539.190018,88925200,72.99562,1
0,0,1,0,0,531.929985,533.75,526.330017,532.86998,93511600,72.140013,1
0,0,1,0,0,529.889992,532.669975,527.350014,528.700005,52099600,71.575481,0
0,0,1,0,0,532.259979,536.23999,528.999985,531.26001,56189000,71.922055,0
0,0,1,0,0,525.899994,531.969986,525.200005,531.399986,52411800,71.941005,1
0,0,1,0,0,527.699982,529.969994,525.850006,526.740013,49886200,71.310137,0
0,0,1,0,0,528.789993,530.890015,523.000008,524.68998,59299800,71.032603,0
0,0,1,0,0,537.440018,539.659988,529.159988,530.650009,64435700,71.839473,0
0,0,1,0,0,534.510017,537.349976,532,536.609985,49831600,72.646335,1
0,0,1,0,0,535.450012,538.740021,532.589973,536.089973,69806100,72.575936,1
0,0,1,0,0,528.360023,533.330017,528.339996,530.919975,44646000,71.876021,1
0,0,1,0,0,531.090019,531.980026,526.050011,530.440018,55182400,71.811044,0
0,0,1,0,0,532.789978,534.440002,528.099991,530.749985,46372200,71.853007,0
0,0,1,0,0,530.919975,534.750023,529.129974,532.360008,50015700,72.070973,1
0,0,1,0,0,530.999977,532.640015,527.769997,531.239983,64785000,71.919343,1
0,0,1,0,0,523.419991,530.650009,522.80999,527.76001,59695300,71.448224,1
0,0,1,0,0,529.079987,532.749977,522.119987,526.239975,92992200,71.242442,0
0,0,1,0,0,517.140007,528.780006,516.049995,527.670021,75470500,71.436042,1
0,0,1,0,0,523.610008,525,515.599998,517.349998,69054300,70.038915,0
0,0,1,0,0,529.38002,529.569984,521.000015,522.060013,57988000,70.676558,0
0,0,1,0,0,523.150024,529.920006,522.420021,527.550018,72227400,71.419796,1
0,0,1,0,0,532.789978,534.569992,524.599991,525.249992,69696200,71.108418,0
0,0,1,0,0,532.989983,537.000008,528.999985,531.149994,76464500,71.907161,0
0,0,1,0,0,544.749985,546.890007,534.350014,537.370003,78442000,72.749226,0
0,0,1,0,0,546,551.190025,545.609978,545.990013,65062900,73.916205,0
0,0,1,0,0,542.469986,545.980026,541.209984,543.990021,68231100,73.645445,1
0,0,1,0,0,534.659981,544.850014,534.199997,544.429977,76849500,73.705007,1
0,0,1,0,0,536.95002,539.560013,533.239975,535.919983,77025200,72.552923,0
0,0,1,0,0,530.610008,537.749985,529.500023,535.959984,70564200,72.558338,1
0,0,1,0,0,518.659988,531.990013,518,528.989998,86389800,71.61474,1
0,0,1,0,0,521.379997,522.929993,517.380013,519.679985,92570100,70.354349,0
0,0,1,0,0,510.060005,513.499977,507.81002,512.509995,64441300,69.383675,1
0,0,1,0,0,506.560005,515.279991,506.249985,512.589996,82086200,68.981598,1
0,0,1,0,0,505.849976,509.459991,502.760025,508.790016,94170300,68.470218,1
0,0,1,0,0,502.610008,507.730019,499.300026,501.529984,100366000,67.493202,0
0,0,1,0,0,495.179985,501.529984,493.549988,500.599976,116199300,67.368046,1
0,0,1,0,0,502.539993,506.499977,496.70002,499.779984,169625400,67.257696,0
0,0,1,0,0,503.950012,507.37001,498.62001,500.749992,125702500,67.388235,0
0,0,1,0,0,508.760002,514.999985,502.070023,506.499977,266380800,68.162036,0
0,0,1,0,0,550.07,554.799988,545.750008,550.500023,138719700,74.083325,1
0,0,1,0,0,554.000023,555.61998,544.749985,546.070015,107338700,73.487159,0
0,0,1,0,0,549.94001,556.5,544.810013,556.179993,100809800,74.847705,1
0,0,1,0,0,550.910019,557.289978,547.809975,551.509979,94996300,74.21924,1
0,0,1,0,0,540.990005,550.07,540.420006,549.069977,82131700,73.890878,1
0,0,1,0,0,551.480019,552.069992,539.899994,540.669998,106684900,72.760454,0
0,0,1,0,0,554.900017,556.850021,551.680023,554.250015,57319500,74.587979,0
0,0,1,0,0,553.520012,560.200005,551.659996,557.359993,97909700,75.006503,1
0,0,1,0,0,538.220009,546.730003,537.659996,546.390022,83140400,73.530224,1
0,0,1,0,0,529.910019,542.5,529.880005,535.730019,94623200,72.095658,1
0,0,1,0,0,539.829979,540.799988,531.109993,532.939995,76244000,71.720191,0
0,0,1,0,0,546.800018,546.859993,535.349983,536.519997,69787200,72.201969,0
0,0,1,0,0,538.809982,545.55999,538.68998,543.460022,64632400,73.13592,1
0,0,1,0,0,544.320015,545.959999,537.919975,540.040024,79302300,72.675675,0
0,0,1,0,0,537.450005,546.800018,533.599983,543.929993,103152700,73.199166,1
0,0,1,0,0,552.860023,553.699989,540.429993,540.980019,98116900,72.802175,0
0,0,1,0,0,555.680008,557.029999,552.020004,553.12999,58671200,74.437252,0
0,1,0,0,0,554.170013,561.279976,554.000023,561.019997,55771100,75.499047,1
0,1,0,0,0,557.460022,560.089989,552.319984,554.519981,63407400,74.62431,0
0,1,0,0,0,563.820007,564.409981,559.500015,560.089989,56471100,75.373891,0
0,1,0,0,0,568.099998,569.499977,563.379997,563.900009,51002000,75.886623,0
0,1,0,0,0,569.889999,571.880005,566.029991,567.669975,41888700,76.393965,0
0,1,0,0,0,568.000023,570.719978,562.76001,570.090004,125326600,76.719639,1
0,1,0,0,0,545.43,551.610008,544.82,549.019989,109103400,73.88415,1
0,1,0,0,0,549.5,549.999985,543.729988,544.459991,80077200,73.270491,0
0,1,0,0,0,549.700005,551.450005,538.799995,550.769989,141465800,74.119656,1
0,1,0,0,0,555.809998,559.439987,553.379982,554.990005,57475600,74.687563,0
0,1,0,0,0,555.02002,562.640007,555.009979,557.500023,70648200,75.025348,1
0,1,0,0,0,562.849998,562.880013,553.669975,554.429993,83205500,74.6122,0
0,1,0,0,0,562.140022,565.339989,560.030014,560.539986,65572500,75.434449,0
0,1,0,0,0,567,570.970024,559.68998,561.359978,89929700,75.5448,0
0,1,0,0,0,563.580002,567.88002,561.199974,565.54998,69567400,76.108668,1
0,1,0,0,0,560.899994,569.579979,560.899994,566.43,80123400,76.227096,1
0,1,0,0,0,565.789986,566.750008,559.569977,560.019974,86088100,75.364469,0
0,1,0,0,0,572.650009,575.139999,566.410027,567.899994,111895000,76.42492,0
0,1,0,0,0,565.499992,569.19001,560.819992,565.000008,94452400,76.034655,0
0,1,0,0,0,558.299988,566.380013,557.68,566.319984,112742000,76.212291,1
0,1,0,0,0,558.000008,564.329979,550.819977,551.230026,118136200,74.181565,0
0,1,0,0,0,549.480026,558.330002,547.809975,556.069977,79531900,74.8329,1
0,1,0,0,0,536.310005,546,533.399979,545.959999,90862100,73.472353,1
0,1,0,0,0,524.11998,536.140015,523.999977,533.399979,100345700,71.782094,1
0,1,0,0,0,521.019989,525.86998,521.000015,523.739998,57327900,70.482106,1
0,1,0,0,0,519.519981,522.159988,518.529999,519.799988,55931400,69.95188,1
0,1,0,0,0,517.599991,521.210007,513.670021,521.139992,65506700,70.132211,1
0,1,0,0,0,519.229988,520.419975,514.330009,514.999985,48479200,69.305922,0
0,1,0,0,0,519.029984,523.37999,517.969986,519.549995,52234700,69.918238,1
0,1,0,0,0,524.990013,527.19001,518.200005,518.629974,61236000,69.794426,0
0,1,0,0,0,526.580009,529.089973,524.489975,524.990013,79480100,70.650326,0
0,1,0,0,0,522.80999,529.279991,521.869995,528.160019,70604800,71.076928,1
0,1,0,0,0,518,522.249977,516.959976,520.63002,49305200,70.063581,1
0,1,0,0,0,517.670006,523.919975,516.999977,520.009979,51069200,69.98014,1
0,1,0,0,0,519.990005,521.669991,514.410011,519.050011,56863100,69.850952,0
0,1,0,0,0,514.580002,521.130005,512.589996,520.560005,69829200,70.054159,1
0,1,0,0,0,519.580009,523.190025,512.380005,512.490021,65655100,68.968144,0
0,1,0,0,0,524.149994,524.860023,518.200005,520.920013,55843900,70.102607,0
0,1,0,0,0,524.580017,528.890022,523.000008,525.449997,66303300,70.30178,1
0,1,0,0,0,521.099991,526.820015,518.810005,526.75,61156900,70.475712,1
0,1,0,0,0,524.020004,524.799995,515.840004,520.030006,68722500,69.576621,0
0,1,0,0,0,525,527.48999,521.269981,522.699974,68924100,69.933845,0
0,1,0,0,0,519.610023,527.520004,517.020004,524.900024,88540900,70.228197,1
0,1,0,0,0,536.270004,539.249992,514.540001,516.680023,158951800,69.128415,0
0,1,0,0,0,529.039986,530.999977,523.209999,529.880005,137610200,70.894486,1
0,1,0,0,0,531.319984,533.229988,525.110016,525.960022,84448000,70.370018,0
0,1,0,0,0,525,532.470024,522.449982,531.910011,96191200,71.166088,1
0,1,0,0,0,519.000023,525.669975,519.000023,524.959999,78430800,70.236222,1
0,1,0,0,0,526.410019,528.450012,508.029999,519.870003,133515900,69.555213,0
0,1,0,0,0,511.770004,524.300011,511.520012,521.360023,99526700,69.754568,1
0,1,0,0,0,505.990005,509.259987,505.709999,508.889992,72635500,68.086159,1
0,1,0,0,0,499.979988,504.779991,499.680008,504.499985,63398300,67.498805,1
0,1,0,0,0,500.789993,502.530006,499.230011,501.110001,62775300,67.045247,1
0,1,0,0,0,497.510025,502.000008,495.52002,498.679985,80018400,66.720127,1
0,1,0,0,0,489.830009,497.579987,489.349998,496.039978,65474500,66.366912,1
0,1,0,0,0,486.989998,493.839981,485.159996,492.809998,66934700,65.934761,1
0,1,0,0,0,491.319977,492.379974,487.039986,489.639992,69650700,65.510635,0
0,1,0,0,0,484.639984,487.790016,478.279999,486.589989,75431300,65.102565,1
0,1,0,0,0,489.940025,490.640015,480.540024,480.93998,72729300,64.34663,0
0,1,0,0,0,486.559975,492.649994,485.350014,487.750015,78073100,65.257769,1
0,1,0,0,0,483.859993,484.599983,478.600006,483.030014,64717100,64.626263,0
0,1,0,0,0,490.510025,492.350014,480.739975,483.409996,80688300,64.677102,0
0,1,0,0,0,485.63002,491.799988,483.749977,489.55999,72296000,65.499931,1
0,1,0,0,0,478.449989,489.140007,478.379974,487.960007,88470900,65.285864,1
0,1,0,0,0,477.250015,481.659996,474.410004,476.749977,65039100,63.786035,0
0,1,0,0,0,483.779991,484.669998,480.720001,482.750008,57010100,64.5888,0
0,1,0,0,0,486.000015,488.56002,483.899994,486.219994,59305400,65.053062,1
0,1,0,0,0,489.199982,489.639992,481.429977,481.530006,79239300,64.425572,0
0,1,0,0,0,494.880005,495.469978,487.819977,489.100006,91086100,65.438389,0
0,1,0,0,0,496.100006,496.910011,482.599991,490.640015,190526700,65.644432,0
0,1,0,0,0,477.999992,478.550018,465.999985,467.410004,174825700,62.536408,0
0,1,0,0,0,470.700012,475.830009,469.249992,472.299995,101135300,63.190657,1
0,1,0,0,0,463.18,466.350006,460.659996,464.680008,114215500,62.171152,1
0,1,0,0,0,447.959999,459.710014,447.499989,455.320007,99845200,60.918845,1
0,1,0,0,0,460.999977,461.609978,447.220009,450.119995,135926700,60.223118,0
0,1,0,0,0,469.339981,471.830025,464.699982,464.899986,74708900,62.200584,0
0,1,0,0,0,468.500015,475.399986,466.010025,472.690018,101012800,63.242839,1
0,1,0,0,0,467.009995,473.689987,464.809998,467.709984,224674100,62.576543,1
0,1,0,0,0,506.199997,507.450012,489.500015,494.639999,185798900,66.179604,0
0,1,0,0,0,505.000023,507.919983,503.479988,506.169983,85171800,67.72224,1
0,1,0,0,0,498.43998,499.379974,489.950012,498.220001,89881400,66.658584,0
0,1,0,0,0,500.250008,500.679977,493.639977,495.269974,59091900,66.26389,0
0,1,0,0,0,499.560005,502.240013,496.279984,498.690025,86258200,66.721471,0
0,1,0,0,0,493.099991,500.599976,487.350006,488.579994,82982200,65.368814,0
0,1,0,0,0,491.999992,492.949974,486.5,487.220016,68074300,65.186858,0
0,1,0,0,0,491.650024,496.500015,491.130013,491.700012,59914400,65.786252,1
0,1,0,0,0,486.000015,495.800026,486.000015,490.899994,76902000,65.679215,1
0,1,0,0,0,498.000023,502.509979,486.299995,488.589981,106047200,65.370151,0
0,1,0,0,0,500.749992,510.199982,500.5,502.970016,82741400,67.294105,1
0,1,0,0,0,503.269997,503.349998,499.350014,501.020012,55682900,67.033208,0
0,1,0,0,0,504.979996,505.589996,498.199974,502.959976,61051900,67.292762,0
0,1,0,0,0,503.590004,507.149979,501.199989,502.360016,83969900,67.212491,0
0,1,0,0,0,509.709984,510.569977,500.820007,501.07,89672100,67.039896,0
0,1,0,0,0,504.339981,513.739983,504,507.740005,127629600,67.932299,1
0,1,0,0,0,500.149979,502.940002,498.860016,502.330002,90576500,67.208476,1
0,1,0,0,0,496.420013,502.400017,489.079979,497.909981,122573500,66.617106,1
0,1,0,0,0,497.88002,504.249992,493.400024,498.500008,189093100,66.696047,1
0,1,0,0,0,470.940018,494.660027,468.050018,489.569977,220485300,65.501268,1
0,1,0,0,0,456.860016,468.649979,456.629997,467.360016,91108500,62.52972,1
0,1,0,0,0,458.639977,460.459991,453.650009,454.449974,66716300,60.80244,0
0,1,0,0,0,463.860016,464.100021,457.949974,461.010017,63944300,61.680131,0
0,1,0,0,0,463.799988,467.000008,461.769981,464.979988,74714500,61.80322,1
0,1,0,0,0,468.020004,471.889999,462.169991,465.250008,83714400,61.83911,0
0,1,0,0,0,464.689995,470.669998,462.150017,469.449997,79713900,62.397355,1
0,1,0,0,0,458.010002,462.850006,456.660011,462.539986,68695900,61.478905,1
0,1,0,0,0,455.749977,456.799988,453.259987,456.679985,51562700,60.700018,1
0,1,0,0,0,454.990013,457.339973,449.429993,452.529984,80739400,60.148417,0
0,1,0,0,0,449.959991,457.150009,449.229988,453.320015,77355600,60.253425,1
0,1,0,0,0,440.799995,449.990005,440.200008,447.790009,62014400,59.518399,1
0,1,0,0,0,435.300003,441.040001,434.340008,440.990013,50038100,58.614572,1
0,1,0,0,0,440.699993,441.400009,435.810001,438.499996,57373400,58.283609,0
0,1,0,0,0,438.929993,444.589989,435.260002,440.510002,147984200,58.550771,1
0,1,0,0,0,426.000004,426.959999,418.710011,418.98999,92348900,55.69042,0
0,1,0,0,0,429.460003,429.749996,425.470005,426.309998,51949100,56.663365,0
0,1,0,0,0,433.100006,433.98,424.350006,424.949993,67180400,56.482599,0
0,1,0,0,0,433.380013,434.870007,430.609989,431.760002,54719700,57.387757,0
0,1,0,0,0,429.700008,432.220013,428.220001,430.310009,49747600,57.19503,1
0,1,0,0,0,426.519989,430.709991,424.170002,430.199993,54134500,57.180407,1
0,1,0,0,0,425.009995,431.459995,424.800003,427.44001,60479300,56.813561,1
0,1,0,0,0,427.650002,429.789997,423.410011,426.510002,69890800,56.689949,0
0,1,0,0,0,422.950001,428.249989,421.169987,427.289993,81573100,56.793622,1
0,1,0,0,0,419.599991,424.800003,418.25,420.730003,70351400,55.921695,1
0,1,0,0,0,413.599987,423.5,410.379993,422.349987,88146100,56.137017,1
0,1,0,0,0,420.109989,420.999996,410.650013,415.050007,74534600,55.166733,0
0,1,0,0,0,420.389996,423.290009,415.349987,417.419994,68506200,55.481742,0
0,1,0,0,0,420.859993,422.979988,417.450008,420.799992,60232200,55.930998,0
0,1,0,0,0,409.960011,421.629997,409.470013,418.490005,117466300,55.623964,1
0,1,0,0,0,402.689991,412.269997,401.219997,409.219994,97763400,54.391832,1
0,1,0,0,0,391.360012,400.269989,388.869995,396.53001,144629100,52.705132,1
0,1,0,0,0,399.249992,401.389988,393.540009,393.779987,84311500,52.33961,0
0,1,0,0,0,403.900005,404.790012,395.660004,398.069992,91931000,52.90982,0
0,1,0,0,0,405.699993,407.790001,398.830009,402.62999,78540700,53.515916,0
0,1,0,0,0,407.400005,408.660007,398.049992,402.540001,120186500,53.503955,0
0,1,0,0,0,418.490005,420,408.099995,413.500011,120279600,54.960714,0
0,1,0,0,0,419.300011,425.980003,415.17001,416.840008,89327700,55.404653,0
0,1,0,0,0,431.399994,431.66,422.999989,422.999989,77735000,56.223412,0
0,1,0,0,0,431.559998,434.899994,430.210007,431.769989,48756400,57.389084,1
0,1,0,0,0,431.439995,435.700012,430.359997,432.000008,64853600,57.419657,1
0,1,0,0,0,435.400005,436.290012,428.500008,430.050003,67966500,57.160471,0
0,1,0,0,0,432.499992,437.139992,428.75,435.959991,71458100,57.946002,1
0,1,0,0,0,439.499992,441.249992,431.499996,432.189999,66306800,57.44491,0
0,1,0,0,0,435.740013,442.759987,433.320011,437.600002,71528100,58.163986,1
0,1,0,0,0,444.729992,449.080025,436.800011,438.889992,112538300,58.335446,0
0,1,0,0,0,436.500004,443.239998,432.770012,441.810005,101133900,58.723562,1
0,1,0,0,0,445.470009,447.000004,434.049988,438.459995,104233500,58.278292,0
0,1,0,0,0,445.650013,450.720009,443.709995,445.110001,72647400,59.162184,0
0,1,0,0,0,453.219986,454.43,447.389999,449.30999,73182200,59.720429,0
0,1,0,0,0,450.729996,452.359993,442.480007,450.720009,93088100,59.907843,0
0,1,0,0,0,452.500023,457.100021,449.500008,449.730026,96075700,59.776258,0
0,1,0,0,0,445.650013,454.500015,444.509987,451.580002,88379900,60.022149,1
0,1,0,0,0,440.000004,447.499989,439.39999,444.949997,82644100,59.140917,1
0,1,0,0,0,449.900017,451.109978,440.85001,441.44001,96536300,58.674384,0
0,1,0,0,0,440.85001,445.66,440.360012,445.150002,69041700,59.1675,1
0,1,0,0,0,435.950005,446.160011,435.790001,442.139999,88255300,58.767423,1
0,1,0,0,0,444.050003,448.350021,438.21999,441.349995,110759600,58.662419,0
0,1,0,0,0,438.150002,445.479996,434.200005,439.659996,114005500,58.437792,1
0,1,0,0,0,431.909992,445.800003,430.099991,442.930004,112894600,58.872428,1
0,1,0,0,0,439.049995,440.089993,431.009998,433.26001,106976100,57.587132,0
0,1,0,0,0,423.239994,437.849995,418.900002,434.580013,150801000,57.762581,1
0,1,0,0,0,439.160011,441,422.360001,428.850002,185403400,57.000972,0
0,1,0,0,0,453.850014,455.200005,442.150013,443.860012,111779500,58.99604,0
0,1,0,0,0,451.509987,457.899986,451.5,454.740021,79237200,60.442166,1
0,1,0,0,0,457.970001,459.710014,450.480003,452.969994,83713000,60.206901,0
0,1,0,0,0,459.80999,463.000023,455.579987,456.769974,99621900,60.711979,0
0,1,0,0,0,459.039986,465.37001,455.810005,463.839989,118149500,61.246308,1
0,1,0,0,0,464.970001,465.749992,453.699997,458.660004,120938300,60.562333,0
0,1,0,0,0,455.709976,462.200005,454.309998,460.709984,124160400,60.833016,1
0,1,0,0,0,451.309982,453.230026,449.149986,449.980019,90325200,59.416211,0
0,1,0,0,0,441.779991,448.589973,440.630005,445.519997,105457100,58.827302,1
0,1,0,0,0,444.459999,444.929996,434.389996,439.290001,126727300,58.004681,0
0,1,0,0,0,435.099998,445.250004,432.069996,442.779987,172884600,58.465506,1
0,1,0,0,0,420.449997,433.619991,420,430.119991,160081600,56.793856,1
0,1,0,0,0,409.809994,418.770012,408.250011,417.199989,191024400,55.087875,1
0,1,0,0,0,411.23,413.939995,406.999996,408.380001,96209400,53.923267,0
0,1,0,0,0,393.540009,415.250011,392.500011,405.459988,242412800,53.537703,1
0,1,0,0,0,403.989994,408.380001,398.810009,406.12999,166059600,53.626171,1
0,1,0,0,0,392.639988,402.199993,391.269997,398.670006,107480100,52.64114,1
0,1,0,0,0,387.970001,399.599987,385.100002,390.530006,152318600,51.56632,1
0,1,0,0,0,404.98999,405.790009,389.740002,392.049988,166574800,51.767021,0
0,1,0,0,0,420.269993,420.599987,398.109993,402.800007,236264000,53.186474,0
0,1,0,0,0,421.569996,426.610004,420.57,426.240009,76442800,56.281536,1
0,1,0,0,0,427,427.890007,419.550003,419.85001,79380000,55.437788,0
0,1,0,0,0,434.14999,434.14999,429.090008,429.800011,59653300,56.751605,0
0,1,0,0,0,433.719994,437.989998,431.199989,434.329994,82091100,57.349753,1
0,1,0,0,0,428.099998,437.05999,426.009991,435.689999,93982000,57.52933,1
0,1,0,0,0,426.360012,428.500008,422.749996,426.98,76653500,56.379246,1
0,1,0,0,0,424.849991,427.500011,422.48999,426.209995,75207300,56.277573,1
0,1,0,0,0,424.499996,424.949993,419.679993,423.199993,95923800,55.880126,0
0,1,0,0,0,433.759995,434.999996,425.25,427.71999,89611900,56.476955,0
0,1,0,0,0,431.370007,437.279995,430.310009,431.989994,90804000,57.040775,1
0,1,0,0,0,427.599987,438.139988,426.400013,429.789997,132379800,56.750283,1
0,1,0,0,0,441.899994,443.700008,427.73999,428.910004,97433000,56.634087,0
0,1,0,0,0,449.820015,451.820007,441.619987,442.660011,110709900,58.449664,0
0,1,0,0,0,456.460007,456.799988,450.729996,452.079987,82809300,59.693495,0
0,1,0,0,0,465.440025,465.839981,460.530006,461.140007,73573500,60.889797,0
0,1,0,0,0,464.689995,469.949982,461.780022,463.580009,125283900,61.21198,0
0,1,0,0,0,454.580017,462.099976,453.110023,461.910011,98776300,60.99147,1
0,1,0,0,0,450.220024,457.979988,450.100021,452.729988,95813900,59.779323,1
0,1,0,0,0,457.419975,457.63002,449.589996,452.079987,77165200,59.693495,0
0,1,0,0,0,459.500023,460.970016,448.499985,454.489975,131693800,60.011715,0
0,1,0,0,0,441.449997,457.459976,441.200005,455.720016,151549300,60.174132,1
0,1,0,0,0,437.929996,444.230007,437.250008,443.660007,160990200,58.581705,1
0,1,0,0,0,432.830013,434.639988,430.450012,432.499992,75968900,57.108116,0
0,1,0,0,0,428.449993,434.500011,425.359989,428.349991,101387300,56.560142,0
0,1,0,0,0,435.60001,438.880005,427.57,428.429993,116477900,56.570705,0
0,1,0,0,0,429.749996,439.009995,425.140011,437.869995,118559000,57.817181,1
0,1,0,0,0,429.800011,435.429993,428.609997,431.720001,97870500,57.005124,1
0,1,0,0,0,424.499996,432.009995,421.059998,430.580002,117118400,56.854597,1
0,1,0,0,0,434.509998,435.249989,424.430008,425.659996,115062500,56.20495,0
0,1,0,0,0,421.480007,435.189987,420.750004,431.139988,159608400,56.928538,1
0,1,0,0,0,427.799992,428.200001,419.000004,420.049988,145688900,55.464194,0
0,1,0,0,0,438.000011,438.179989,429.979988,430.470013,138112100,56.840073,0
0,1,0,0,0,444.050003,447.87001,441.400009,441.400009,80628800,58.283291,0
0,1,0,0,0,448.430023,452.439995,440.650005,444.569988,146837600,58.701861,0
0,1,0,0,0,443.820011,451.540001,437.660004,448.970009,125374900,59.282848,1
0,1,0,0,0,453.850014,455.120003,442.569996,442.799988,93144800,58.468147,0
0,1,0,0,0,449.250015,451.599976,446.599995,450.809998,82663700,59.525803,1
0,1,0,0,0,446.000008,449.170013,442.819988,446.060009,111795600,58.898606,1
0,1,0,0,0,457.689995,457.689995,448.800018,448.850006,119075600,59.267002,0
0,1,0,0,0,461.100006,462.730003,453.850014,459.990021,108945900,60.737951,0
0,1,0,0,0,468.849983,470.160027,459.920006,460.160011,97936300,60.760397,0
0,1,0,0,0,464.520004,471.640007,464.02002,466.590012,88818800,61.609426,1
0,1,0,0,0,467.209999,473.639999,463.220001,467.009995,118801900,61.664882,0
0,1,0,0,0,479.509987,482.380013,467.739998,467.900002,152263300,61.7824,0
0,1,0,0,0,476.499985,484.940018,473.249977,479.930023,129372600,63.370867,1
0,1,0,0,0,474.000008,478.809998,468.250023,474.980003,158289600,62.717257,1
0,1,0,0,0,463.250015,470.000023,454.11998,468.220009,176145200,61.824654,1
0,1,0,0,0,456.469994,466.500023,452.580025,457.350014,148426600,60.039452,1
0,1,0,0,0,444.050003,459.739975,442.220001,457.840012,143336900,60.103777,1
0,1,0,0,0,453.909988,455.939995,441.999996,442.320004,119279300,58.06636,0
0,1,0,0,0,459.110001,459.479996,448.350021,453.619995,134871100,59.549787,0
0,1,0,0,0,456.980019,459.279991,454.980026,455.489998,79833600,59.795275,0
0,1,0,0,0,456.999992,462.600014,454.500015,456.830002,104288800,59.971186,0
0,1,0,0,0,458.5,460.200012,452.119987,458.269981,142789500,60.160222,0
0,1,0,0,0,437.829994,453.209999,435.859989,449.830002,196379400,59.052249,1
0,1,0,0,0,451.690018,456.229988,434.999996,439.880001,302006600,57.746044,0
0,1,0,0,0,460.000008,465.730019,450.249985,450.499977,365213100,59.140201,0
0,1,0,0,0,508.80999,514.989998,504.770004,514.010002,215377400,67.477594,1
0,1,0,0,0,504.560013,507.879982,496.630005,504.770004,115386600,66.264597,1
0,1,0,0,0,498.519981,502.219986,496.399986,500.000015,118230700,65.638408,1
0,1,0,0,0,510.309998,510.750008,502.030022,502.680023,113419600,65.990231,0
0,1,0,0,0,494.639999,509.440018,492.499977,506.089981,172701200,66.437879,1
0,1,0,0,0,498.300003,498.990005,483.379982,485.920013,219193100,63.79003,0
0,1,0,0,0,502.680023,507.5,498.509995,501.750015,183551900,65.868142,0
0,1,0,0,0,521.000015,525.320007,519.019997,520.300026,87626700,68.303329,0
0,1,0,0,0,528.549988,528.719978,515.519997,523.509979,150286500,68.724721,0
0,1,0,0,0,522.500023,525.009987,515.990021,517.100006,101901100,67.88324,0
0,1,0,0,0,529.209976,531.889984,521.250008,525.31002,114676800,68.961025,0
0,1,0,0,0,521.999985,529.300018,515.199989,523.900002,121039100,68.775922,1
0,1,0,0,0,536.969994,538.630005,525.829979,526.999992,148583400,69.182879,0
0,1,0,0,0,547.87999,549.669991,540.999992,542.099991,88241300,71.165159,0
0,1,0,0,0,553.819992,554.999992,541.63002,549.029976,140129500,72.074905,0
1,0,0,0,0,510.529976,535.400024,509.000008,532.169991,164873100,69.86158,1
1,0,0,0,0,510.290024,514.480026,508.119987,509.589981,88569600,66.897348,0
1,0,0,0,0,513.539978,516.25,504.659988,515.060013,113780100,67.615436,1
1,0,0,0,0,519.000023,519.460007,511.120003,512.999992,75609100,67.345003,0
1,0,0,0,0,520.350014,524.250023,518.709976,520.169983,43938300,68.286257,0
1,0,0,0,0,512.469994,519.669998,510.239983,519.330017,149067100,68.175989,1
1,0,0,0,0,530.000008,530.200012,518.88002,521.730019,120422400,68.491054,0
1,0,0,0,0,531.470001,533.700012,525.499985,526.30999,112342300,69.092298,0
1,0,0,0,0,525,534.899986,520.249985,533.900017,156421300,70.088692,1
1,0,0,0,0,508.929993,519.999992,501.230003,518.829979,189401800,68.110346,1
1,0,0,0,0,514.749992,518.12999,505.580009,509.789986,252394800,66.923604,0
1,0,0,0,0,531.149994,537.640022,525.800018,529.689987,156314900,69.536013,0
1,0,0,0,0,547.769974,547.999992,536.270004,539,121786000,70.758202,0
1,0,0,0,0,539.770004,549.559975,537.370003,541.390015,148086400,71.071955,1
1,0,0,0,0,525,538.510002,521.580002,529.819977,157621100,69.553077,1
1,0,0,0,0,553.400009,555.199997,530.000008,533.250015,196760200,70.003362,0
1,0,0,0,0,528.94001,553.31002,518.629974,547.239975,294303100,71.839919,1
1,0,0,0,0,568.910004,569.249985,538.769981,538.790009,261159500,70.730635,0
1,0,0,0,0,581.800018,581.800018,572.129997,575.849976,139267100,75.595749,0
1,0,0,0,0,593.650009,594.590004,585.500023,586.190025,91070000,76.953158,0
1,0,0,0,0,586.789986,588.400009,582.679985,585.279991,97829900,76.833691,0
1,0,0,0,0,590.220024,594.250023,585.249977,589.359978,128674700,77.369299,0
1,0,0,0,0,577.269981,585.800003,572.259987,582.940018,130216100,76.526507,1
1,0,0,0,0,589.549995,590.419975,580.100006,584.780006,133332500,76.768055,0
1,0,0,0,0,575.900017,589.999992,573.710007,589.530022,157644900,77.391622,1
1,0,0,0,0,567.169991,572.000008,562.600006,571.500023,68206600,75.024701,1
1,0,0,0,0,564.249977,567.369995,556.599976,561.700012,93250500,73.738187,0
1,0,0,0,0,571.910019,571.95002,554.580009,560.909981,160688500,73.634474,0
1,0,0,0,0,540.709999,567.499985,539.88002,565.730011,205829400,74.267232,1
1,0,0,0,0,525.200005,530.000008,505.75,527.680008,316723400,69.272149,1
1,0,0,0,0,537.530006,539.499985,522.620026,525.619987,197477700,69.001716,0
1,0,0,0,0,545.500015,547.45002,536.180016,536.880005,119292600,70.479895,0
1,0,0,0,0,538.910011,550.479996,536.359993,542.900009,133237300,71.270182,1
1,0,0,0,0,554.149986,554.500008,538.649979,542.829994,128950500,71.260991,0
1,0,0,0,0,540.420006,554.87999,533.719986,547.059998,232478400,71.816292,1
1,0,0,0,0,560.629974,562.230011,535.290009,537.749985,264036500,70.594104,0
1,0,0,0,0,573.839996,574.539986,555.750023,558.000008,198412200,73.252462,0
1,0,0,0,0,590.230011,590.739983,580.090019,582.849976,93729300,76.166804,0
1,0,0,0,0,583.520004,587.769981,577.599976,584.620003,132283900,76.398112,1
1,0,0,0,0,595.890007,596.950005,574.749977,576.800011,149843400,75.376195,0
1,0,0,0,0,598.219994,603.000023,594.170021,596.540009,90324500,77.955817,0
1,0,0,0,0,594.879997,601.959999,587.70002,595.320007,127500800,77.796388,1
1,0,0,0,0,609.430023,614.000008,591.000015,603.999992,254608200,78.930688,0
1,0,0,0,0,619.999985,621.999977,605.549988,609.539986,164081400,79.654654,0
1,0,0,0,0,621.440018,626.549988,610.639984,616.829979,139631800,80.60731,0
1,0,0,0,0,631.000023,633.900009,611.699982,613.359993,176786400,80.153852,0
1,0,0,0,0,612.419998,635.37999,610.759987,634.029999,136682700,82.855007,1
1,0,0,0,0,631.050011,631.769974,609.619987,609.840019,186021500,79.693862,0
1,0,0,0,0,639.590019,642.059982,630,632.640007,119156100,82.673363,0
1,0,0,0,0,648.870018,652.790001,644,644.610001,97259400,84.237601,0
1,0,0,0,0,635.370003,650.300011,631.000023,649.789986,137442900,84.914522,1
1,0,0,0,0,632.350014,635.129997,623.850006,634.760002,108125500,82.950404,1
1,0,0,0,0,629.55999,635.37999,625.300026,629.710007,115003700,82.290471,1
1,0,0,0,0,646.499977,647.20002,628.099983,628.099983,136520300,82.080073,0
1,0,0,0,0,639.739983,644.979996,637,640.909996,127589000,83.754085,1
1,0,0,0,0,638.650024,640.490013,623.550026,635.850014,209649300,83.092847,0
1,0,0,0,0,646.880013,647.559975,636.109993,638.170013,159498500,83.396024,0
1,0,0,0,0,665.200005,666.000023,651.280006,652.589996,148501500,85.280427,0
1,0,0,0,0,671.250023,674.249985,665.550026,666.799988,92681400,87.137388,0
1,0,0,0,0,664.860023,671.860023,662.630013,671.449974,106070300,87.745048,1
1,0,0,0,0,661.81002,666.349991,650.649979,661.309982,156998100,86.419954,0
1,0,0,0,0,671.159981,676.750015,656.499992,659.389992,135898700,86.16905,0
1,0,0,0,0,678.750008,681.110008,666.75,667.100021,133777700,87.176596,0
1,0,0,0,0,664.290024,682.170006,660.350014,681.32,148522500,89.034862,1
1,0,0,0,0,668.740005,672.690002,661.20002,665.179977,144125800,86.925685,0
1,0,0,0,0,688.260025,692.780022,673.000023,673.540009,129697400,88.018173,0
1,0,0,0,0,686.859993,695.119995,682.999985,690.790016,159941600,90.272403,1
1,0,0,0,0,702.409988,705.070023,699.359985,700.089989,142897300,91.487723,0
1,0,0,0,0,699.159981,700.059975,693.619987,698.699997,84142100,91.306079,0
1,0,0,0,0,700.259979,703.989998,699.569977,702.100021,81718700,91.750394,1
1,0,0,0,0,699.879997,702.329987,696.419998,701.910004,93375800,91.725563,1
1,0,0,0,0,699.349998,699.799995,694.610023,699.780022,99507800,91.447217,1
1,0,0,0,0,689.959984,696.980011,687.889977,691.280014,150118500,90.336436,1
1,0,0,0,0,677.370003,685.500015,674.769997,682.980011,149590000,89.251792,1
1,0,0,0,0,666.849976,669.899979,656.000008,669.790016,178058300,87.528124,1
1,0,0,0,0,665.110016,670.099983,656.499992,660.590019,125995800,86.325869,0
1,0,0,0,0,680.45002,683.289978,662.100014,662.739975,121999500,86.606825,0
1,0,0,0,0,678.050018,682.480026,675.77002,680.43998,82416600,88.919861,1
1,0,0,0,0,673.170013,678.290024,670.800026,676.270004,97799100,88.374929,1
1,0,0,0,0,675.570015,676.350006,669.599998,670.230026,84093800,87.585625,0
1,0,0,0,0,665.760017,675.139992,664.500015,674.970001,91973000,88.205045,1
1,0,0,0,0,667.249985,668.599976,657.250023,665.240005,84580300,86.933529,0
1,0,0,0,0,670.640022,671.550003,662.849991,663.869987,75674900,86.754495,0
1,0,0,0,0,675.250008,677.669983,672.600014,673.469994,50701700,88.009024,0
1,0,0,0,0,674.979988,676.100014,670.669983,674.800011,66854200,88.18283,0
1,0,0,0,0,679.989983,680.870003,673.540009,675.679977,106752100,88.297824,0
1,0,0,0,0,659.509995,669.479996,655.550011,663.219986,109335100,86.669553,1
1,0,0,0,0,666.109985,669.899979,661.149979,662.630013,105032200,86.592456,0
1,0,0,0,0,654.419998,668.999985,648.110001,668.869995,141330700,87.407896,1
1,0,0,0,0,670.82,674.880013,650.330025,656.059982,203179900,85.733884,0
1,0,0,0,0,650.010017,665.150017,649.900002,665.150017,153346200,86.92177,1
1,0,0,0,0,640.000015,648.190002,638.809975,648.110001,110690300,84.694981,1
1,0,0,0,0,631.210014,636.759995,630.499985,636.340012,63633500,83.15688,1
1,0,0,0,0,631.300003,633.999985,627.750015,630.829979,64335600,82.436829,0
1,0,0,0,0,631.870003,638.610023,630.209991,631.690025,85042300,82.54922,0
1,0,0,0,0,623.390022,630,623.249992,630,69708100,82.328367,1
1,0,0,0,0,618.710022,621.760025,618.699982,621.699997,48734700,81.243723,1
1,0,0,0,0,617.849976,621.730011,617.799988,620.729988,55410600,81.116963,1
1,0,0,0,0,619.389984,623.88002,617.099998,619.860008,61176500,80.656968,1
1,0,0,0,0,622.769981,624.999992,618.039993,620.910019,72611700,80.793597,0
1,0,0,0,0,617.290016,624.870003,615.26001,622.550003,75525800,81.006994,1
1,0,0,0,0,613.630013,617.980019,611.560005,615.70002,86230200,80.115666,1
1,0,0,0,0,602.840019,610.690025,600.25,607.789986,83039600,79.086402,1
1,0,0,0,0,615.910011,616.400009,603.000023,606.80999,96125400,78.958884,0
1,0,0,0,0,603.229988,611.699982,602.720016,610.759987,115581900,79.472862,1
1,0,0,0,0,590.920013,599.439995,587.820023,595.030014,94785600,77.426058,1
1,0,0,0,0,575.01001,585.830017,571.590012,585.159988,100984100,76.141758,1
1,0,0,0,0,579.760025,580.399986,570.360023,574.88002,101658200,74.804116,0
1,0,0,0,0,574.459984,580.799995,570.000015,574.970009,219328200,74.815825,1
1,0,0,0,0,607.37999,609.680016,598.509987,600.919975,141283100,78.192467,0
1,0,0,0,0,594.399986,605.900009,587.710007,603.830002,121993900,78.571124,1
1,0,0,0,0,613.029999,614.440018,603.700012,604.300026,99367800,78.632284,0
1,0,0,0,0,611.279999,615.349998,605.999985,614.320015,109215400,79.936098,1
1,0,0,0,0,606.590012,608.340012,603.559982,606.260017,63175000,78.88732,0
1,0,0,0,0,610.790001,611.499977,603.149986,606.93998,73406200,78.975798,0
1,0,0,0,0,605.120018,611.61998,605.019989,606.910019,75315100,78.971899,1
1,0,0,0,0,602.949982,607.190025,600.000008,604.970001,77856800,78.719462,1
1,0,0,0,0,600.240013,603.469994,592.68,598.900009,107010400,77.929627,0
1,0,0,0,0,606.119987,607.659996,597.220024,604.430016,117330500,78.649198,0
1,0,0,0,0,617.969978,619.869995,605.309982,608.210022,127989400,79.141058,0
1,0,0,0,0,605.299995,613.899979,604.110008,613.889992,94851400,79.880142,1
1,0,0,0,0,607.089996,608.439987,601.580017,605.879982,104732600,78.83787,0
1,0,0,0,0,600.56002,614.339989,599.649986,609.939995,121095800,79.366164,1
1,0,0,0,0,594.879997,600.000008,593.999977,599.409981,60428200,77.995985,1
1,0,0,0,0,584.730019,593.469978,583.600006,592.519997,100023000,77.099452,1
1,0,0,0,0,577.999985,584.000015,574.249992,584.000015,105375200,75.990821,1
1,0,0,0,0,571.670013,574,565.610008,569.04998,70709100,74.045503,0
1,0,0,0,0,575.000023,576.739983,571.920006,574.499985,50749300,74.754665,0
1,0,0,0,0,571.329979,574.489998,567.329994,572.030022,69134100,74.43327,1
1,0,0,0,0,577.299995,579.800026,570.37001,570.77002,76095600,74.269317,0
1,0,0,0,0,579.040009,582.189987,575.420006,582.099998,71117900,75.743588,1
1,0,0,0,0,585.439995,588.219978,577.440025,577.669991,81587800,75.16715,0
1,0,0,0,0,588.209991,589.250015,580.799995,585.739975,89735800,76.217227,0
1,0,0,0,0,583.400002,589.999992,583.100021,587.410027,90351100,76.434536,1
1,0,0,0,0,570.959984,587.889984,570.37001,585.779976,110103000,76.222432,1
1,0,0,0,0,570.999985,574.619987,569.550018,574.12999,83813800,74.706521,1
1,0,0,0,0,571.23999,573.500015,567.259979,571.529984,86393300,74.368205,1
1,0,0,0,0,574.520012,578.479996,570.379997,572.160011,73395000,74.450185,0
1,0,0,0,0,574.459984,576.61998,566.70002,576.159996,108845100,74.970668,1
1,0,0,0,0,587.719994,588.499985,570.62999,571.169975,147816200,74.32136,0
1,0,0,0,0,571.599998,580.580017,568.999992,580.319984,86879100,75.511971,1
1,0,0,0,0,577.290009,577.320023,570.5,571.720001,94941700,74.39293,0
1,0,0,0,0,567.770004,573.849983,565.499992,571.460022,100363900,74.359101,1
1,0,0,0,0,561.269989,566.470001,558.330002,562.830025,97053600,73.236155,1
1,0,0,0,0,561.500008,567.499985,548.499977,564.289978,139248900,73.426126,1
1,0,0,0,0,569.159996,572.650009,560.520012,560.989983,130246900,72.996726,0
1,0,0,0,0,580.740021,581.499985,571.460022,577.730019,122918600,75.174961,0
1,0,0,0,0,569.199997,579.98999,566.55999,579.169998,132357400,75.362333,1
1,0,0,0,0,570.900009,574,565.309975,572.269974,95127200,74.464493,1
1,0,0,0,0,564.590012,565.850014,558.469978,562.289986,82126800,73.165884,0
1,0,0,0,0,575.870003,576.499977,561.229988,565.320015,124057500,73.560156,0
1,0,0,0,0,557.500023,572.800026,553.230019,570.559975,146224400,74.241986,1
1,0,0,0,0,569.550018,573.879997,552.580017,556.970024,173717600,72.473644,0
1,0,0,0,0,534.499977,561.540009,534.04998,561.279976,157776500,73.034461,1
1,0,0,0,0,533.959991,543.409981,522.180016,530.37999,183073100,69.013715,0
1,0,0,0,0,545.309998,547.500008,530.12001,530.12001,179305000,68.979886,0
1,0,0,0,0,554.050011,556.890022,541.039993,546.080002,140224000,71.056621,0
1,0,0,0,0,561.45002,563.219994,551.749985,553.169991,119084000,71.979179,0
1,0,0,0,0,562.569992,567.510025,557.599998,558.219986,88156600,72.636291,0
1,0,0,0,0,565.000008,574.470024,564.350006,566.710007,99886500,73.741023,1
1,0,0,0,0,574.579987,575.87999,568.43998,570.519974,83300000,74.236781,0
1,0,0,0,0,563.700005,573.980026,560.850006,569.180023,120176000,74.062425,1
1,0,0,0,0,569.579979,571.500023,558.730011,568.18,124313000,73.9323,0
1,0,0,0,0,561.500008,572.770012,561.229988,569.480003,115029600,74.101459,1
1,0,0,0,0,577.080017,578.359993,565.169998,565.25,132498100,73.551045,0
1,0,0,0,0,590.499977,591.400024,580.300011,581.819992,97637400,75.707153,0
1,0,0,0,0,580.239983,587.399986,578.859978,585.97998,106847300,76.248456,1
1,0,0,0,0,584.900009,596.759987,581.230019,582.130013,152749800,75.747494,0
1,0,0,0,0,597.800011,598.400024,582.999992,583.979988,126536200,75.988215,0
1,0,0,0,0,605.069977,606.180016,600.499992,603.000023,101680600,78.463126,0
1,0,0,0,0,614.269974,614.69001,602.12999,607.699997,134017100,79.074692,0
1,0,0,0,0,615.639992,617.999992,605.999985,610.000023,226444400,79.373975,0
1,0,0,0,0,562.609993,567.690002,554.999992,560.280006,269037300,72.904343,0
1,0,0,0,0,570.610016,576.670021,556.620003,571.699974,241632300,74.390324,1
1,0,0,0,0,591.379997,594.620018,570.419998,572.980003,257746300,74.556883,0
1,0,0,0,0,600.219986,604.729996,584.519974,587.439987,208679800,76.438434,0
1,0,0,0,0,613.720001,620.249977,602.709976,608.340012,238632800,79.157972,0
1,0,0,0,0,578.93998,610.000023,571.910019,609.699989,256382000,79.334934,1
1,0,0,0,0,610.059998,610.279976,578.249977,580.13002,262696700,75.487252,0
1,0,0,0,0,624.109985,624.700012,603.509995,605.22998,214911200,78.753291,0
1,0,0,0,0,624.999992,631.330017,620.500023,622.769981,153584200,81.035618,0
1,0,0,0,0,636.199982,636.87001,623.339981,626.20002,174153700,81.481939,0
1,0,0,0,0,639.93,644,626.000015,628.440018,222431300,81.77341,0
1,0,0,0,0,626.130005,639.840012,625.300026,636.229996,149384200,82.787052,1
1,0,0,0,0,626.980011,634.660027,623.400009,633.679977,160324500,82.45524,1
1,0,0,0,0,624.349991,625.859985,617.000023,624.30999,143245200,81.236006,0
1,0,0,0,0,627.300018,632.209984,622.510002,629.319984,208639900,81.887913,1
1,0,0,0,0,601.830009,618.769997,600.37999,618.63002,149587900,80.496921,1
1,0,0,0,0,608.769981,610.559982,597.939987,599.550011,182759500,78.014206,0
1,0,0,0,0,612.780006,616.560013,607.230026,609.859993,152059600,79.355754,0
1,0,0,0,0,618.379974,621.450005,610.30999,617.62001,163865100,80.365497,0
1,0,0,0,0,606.180016,616.280006,606.060013,614.480019,151782400,79.956917,1
1,0,0,0,0,599.790016,607.150024,595.259979,606.97998,148935500,78.981003,1
1,0,0,0,0,600.490005,601.799995,594.399986,596.050011,107622200,77.558781,0
1,0,0,0,0,597.779984,604.499977,595.529999,599.340019,155967700,77.986882,1
1,0,0,0,0,602.73999,609.650002,601.410027,602.499985,161010500,78.39806,0
1,0,0,0,0,599.51001,606.899979,591.480026,605.959984,204165500,78.84828,1
1,0,0,0,0,598.37001,601.769981,589.050011,601.100006,225309000,78.215893,1
1,0,0,0,0,584.719978,589.199974,577.999985,585.569984,206371900,76.195107,1
1,0,0,0,0,599.609985,600.009995,578.550011,585.559998,289929500,76.193808,0
1,0,0,0,0,578.050026,594.719994,575.399979,589.580009,354711000,76.716897,1
1,0,0,0,0,557.540024,568.18,555.750023,568.099998,172713800,73.921891,1
1,0,0,0,0,548.979988,551.999977,547.000023,551.999977,101820600,71.826935,1
1,0,0,0,0,544.209999,547.740013,543.110001,545.170021,104729800,70.938213,1
1,0,0,0,0,534.689995,542.989998,532.120003,541.989975,129114300,70.524421,1
1,0,0,0,0,536.800003,537.779999,523.299988,530.69001,199630200,69.054056,0
1,0,0,0,0,523.659996,533.690025,516.219986,530.259987,202559700,68.9981,1
1,0,0,0,0,545.420013,547.47998,526.000023,533.160027,202281100,69.375457,0
1,0,0,0,0,544.240013,546.800018,542.519974,545.180008,107928100,70.939512,1
1,0,0,0,0,548.169983,548.209984,538.769981,544.469978,170817500,70.847122,0
1,0,0,0,0,541.560005,547.610023,535.700005,542.440025,238002800,70.582982,1
1,0,0,0,0,527.960014,535.410011,525.850006,535.410011,150096800,69.668228,1
1,0,0,0,0,521.309982,528.5,516.280014,525.760017,136895500,68.412559,1
1,0,0,0,0,519.669998,522.899979,518.640015,522.409981,103768000,67.976648,1
1,0,0,0,0,515.079987,517.830009,509.499992,516.389977,142006900,67.193317,1
1,0,0,0,0,513.079994,515.489983,509.070023,513.039993,120825600,66.757413,0
1,0,0,0,0,506.880013,514.850021,504.120003,514.850021,151398800,66.992936,1
1,0,0,0,0,503.109993,507.77002,500.299995,502.12001,133951300,65.336491,0
1,0,0,0,0,491.500008,504.890007,486.62999,502.209999,236138000,65.3482,1
1,0,0,0,0,514.259995,526.290016,496.889984,497.669975,376530000,64.757447,0
1,0,0,0,0,504.659988,509.56002,502.000008,509.459991,115099600,66.291579,1
1,0,0,0,0,499.529991,503.830009,497.089989,502.600021,129304000,65.398951,1
1,0,0,0,0,490.960022,497.619987,488.54998,493.419998,157825500,64.204434,1
1,0,0,0,0,480.760002,496.750008,480.559998,493.170006,221053700,64.171905,1
1,0,0,0,0,470.500008,476.789978,469.699989,476.680016,101972500,62.026207,1
1,0,0,0,0,465.250008,469.749977,464.579979,468.830009,79055900,61.004754,1
1,0,0,0,0,458.379997,464.979988,458.20002,463.969978,62353200,60.372361,1
1,0,0,0,0,457.300026,460.000008,455.560013,459.68,71649900,59.814143,1
1,0,0,0,0,455.899994,457.169983,453.980003,455.120003,46699100,59.220791,0
1,0,0,0,0,458.410011,458.989998,455.550026,456.189987,67511500,59.360018,0
1,0,0,0,0,455.589973,458.240021,453.070023,456.47998,97920900,59.397753,1
1,0,0,0,0,445.709988,453.900002,445.390007,453.009995,94835300,58.946234,1
1,0,0,0,0,444.339996,448.480011,443.769997,447.28001,74927300,58.200641,1
1,0,0,0,0,448.360008,448.789978,443.139996,444.62999,80996300,57.855817,0
1,0,0,0,0,454.439987,454.449974,443.729996,446.659996,239578500,58.119964,0
1,0,0,0,0,425.10001,425.10001,419.550003,420.409996,136909500,54.704281,0
1,0,0,0,0,422.669994,428.449993,422.299999,427.409996,76515600,55.615129,1
1,0,0,0,0,427.489998,427.500011,419.750008,420.300007,103493600,54.689969,0
1,0,0,0,0,430.150005,431.370007,426.510002,427.750004,65434600,55.659372,0
1,0,0,0,0,426.959999,429.46999,426.300011,429.110008,69197800,55.836337,1
1,0,0,0,0,424.199989,425.98999,422.959988,424.700001,60724300,55.262501,1
1,0,0,0,0,419.699993,420.449997,418.659996,419.810009,56505400,54.626209,1
1,0,0,0,0,422.279999,422.900013,418.750011,421.389992,53146800,54.831799,0
1,0,0,0,0,422.680008,422.849998,419.309998,422.549992,53771200,54.982739,0
1,0,0,0,0,425.909988,426.000004,421.500008,423.239994,64549100,55.072523,0
1,0,0,0,0,425.499992,427.750004,421.349991,421.73,98506100,54.876041,0
1,0,0,0,0,419.770008,422.749996,419.220009,422.400002,79573200,54.963223,1
1,0,0,0,0,414.950005,418.550007,412.670006,418.029995,67817400,54.394592,1
1,0,0,0,0,410.000011,414.680012,409.279995,413.44001,65005500,53.797337,1
1,0,0,0,0,409.399998,412.499989,408.999989,411.23,75555200,53.509768,1